order_id,ts,symbol,pnl,strategy
PAPER-1,2024-11-15 18:00:00+00:00,EURUSD,0.0,default
PAPER-2,2024-11-18 16:00:00+00:00,EURUSD,-29.82116119999983,default
PAPER-3,2024-11-18 16:00:00+00:00,EURUSD,0.0,default
PAPER-4,2024-11-19 09:00:00+00:00,EURUSD,46.37892239999978,default
PAPER-5,2024-11-19 09:00:00+00:00,EURUSD,0.0,default
PAPER-6,2024-11-19 10:00:00+00:00,EURUSD,-21.23899717857102,default
PAPER-7,2024-11-19 10:00:00+00:00,EURUSD,0.0,default
PAPER-8,2024-11-19 13:00:00+00:00,EURUSD,-23.221166999998776,default
PAPER-9,2024-11-19 13:00:00+00:00,EURUSD,0.0,default
PAPER-10,2024-11-19 23:00:00+00:00,EURUSD,-26.97120609999892,default
PAPER-11,2024-11-19 23:00:00+00:00,EURUSD,0.0,default
PAPER-12,2024-11-20 09:00:00+00:00,EURUSD,49.33602857142615,default
PAPER-13,2024-11-20 09:00:00+00:00,EURUSD,0.0,default
PAPER-14,2024-11-20 14:00:00+00:00,EURUSD,30.200379214285764,default
PAPER-15,2024-11-20 14:00:00+00:00,EURUSD,0.0,default
PAPER-16,2024-11-20 23:00:00+00:00,EURUSD,-22.106807057141943,default
PAPER-17,2024-11-20 23:00:00+00:00,EURUSD,0.0,default
PAPER-18,2024-11-21 16:00:00+00:00,EURUSD,39.32898850000022,default
PAPER-19,2024-11-21 16:00:00+00:00,EURUSD,0.0,default
PAPER-20,2024-11-22 09:00:00+00:00,EURUSD,55.07916320000126,default
PAPER-21,2024-11-22 09:00:00+00:00,EURUSD,0.0,default
PAPER-22,2024-11-22 10:00:00+00:00,EURUSD,-31.299436385715236,default
PAPER-23,2024-11-22 10:00:00+00:00,EURUSD,0.0,default
PAPER-24,2024-11-24 22:00:00+00:00,EURUSD,-35.96021579285738,default
PAPER-25,2024-11-24 22:00:00+00:00,EURUSD,0.0,default
PAPER-26,2024-11-25 13:00:00+00:00,EURUSD,-47.885344842856675,default
PAPER-27,2024-11-25 13:00:00+00:00,EURUSD,0.0,default
PAPER-28,2024-11-25 16:00:00+00:00,EURUSD,55.1004832142868,default
PAPER-29,2024-11-25 16:00:00+00:00,EURUSD,0.0,default
PAPER-30,2024-11-25 19:00:00+00:00,EURUSD,-33.41030649285844,default
PAPER-31,2024-11-25 19:00:00+00:00,EURUSD,0.0,default
PAPER-32,2024-11-26 00:00:00+00:00,EURUSD,69.60770048571334,default
PAPER-33,2024-11-26 00:00:00+00:00,EURUSD,0.0,default
PAPER-34,2024-11-26 03:00:00+00:00,EURUSD,-36.06736966428507,default
PAPER-35,2024-11-26 03:00:00+00:00,EURUSD,0.0,default
PAPER-36,2024-11-26 09:00:00+00:00,EURUSD,-35.3174537642846,default
PAPER-37,2024-11-26 09:00:00+00:00,EURUSD,0.0,default
PAPER-38,2024-11-26 12:00:00+00:00,EURUSD,-31.25678995714194,default
PAPER-39,2024-11-26 12:00:00+00:00,EURUSD,0.0,default
PAPER-40,2024-11-27 13:00:00+00:00,EURUSD,-35.52111739999942,default
PAPER-41,2024-11-27 13:00:00+00:00,EURUSD,0.0,default
PAPER-42,2024-11-28 09:00:00+00:00,EURUSD,39.37893460000055,default
PAPER-43,2024-11-28 10:00:00+00:00,EURUSD,0.0,default
PAPER-44,2024-11-28 13:00:00+00:00,EURUSD,-20.34963377142884,default
PAPER-45,2024-11-28 13:00:00+00:00,EURUSD,0.0,default
PAPER-46,2024-11-29 06:00:00+00:00,EURUSD,42.435988542856144,default
PAPER-47,2024-11-29 06:00:00+00:00,EURUSD,0.0,default
PAPER-48,2024-11-29 08:00:00+00:00,EURUSD,-13.824705621429391,default
PAPER-49,2024-11-29 08:00:00+00:00,EURUSD,0.0,default
PAPER-50,2024-11-29 09:00:00+00:00,EURUSD,-17.06039323571505,default
PAPER-51,2024-11-29 09:00:00+00:00,EURUSD,0.0,default
PAPER-52,2024-12-01 23:00:00+00:00,EURUSD,-19.89964887143033,default
PAPER-53,2024-12-01 23:00:00+00:00,EURUSD,0.0,default
PAPER-54,2024-12-02 02:00:00+00:00,EURUSD,-25.288896007142338,default
PAPER-55,2024-12-02 02:00:00+00:00,EURUSD,0.0,default
PAPER-56,2024-12-02 07:00:00+00:00,EURUSD,-24.36743207857185,default
PAPER-57,2024-12-02 07:00:00+00:00,EURUSD,0.0,default
PAPER-58,2024-12-02 14:00:00+00:00,EURUSD,-22.310248135713916,default
PAPER-59,2024-12-02 14:00:00+00:00,EURUSD,0.0,default
PAPER-60,2024-12-03 18:00:00+00:00,EURUSD,56.77179475714125,default
PAPER-61,2024-12-03 18:00:00+00:00,EURUSD,0.0,default
PAPER-62,2024-12-04 00:00:00+00:00,EURUSD,-27.678144742856887,default
PAPER-63,2024-12-04 00:00:00+00:00,EURUSD,0.0,default
PAPER-64,2024-12-04 06:00:00+00:00,EURUSD,-22.653185121429814,default
PAPER-65,2024-12-04 06:00:00+00:00,EURUSD,0.0,default
PAPER-66,2024-12-04 13:00:00+00:00,EURUSD,39.45760578571345,default
PAPER-67,2024-12-04 13:00:00+00:00,EURUSD,0.0,default
PAPER-68,2024-12-04 15:00:00+00:00,EURUSD,-26.156732357144055,default
PAPER-69,2024-12-04 15:00:00+00:00,EURUSD,0.0,default
PAPER-70,2024-12-05 13:00:00+00:00,EURUSD,-31.021119599998805,default
PAPER-71,2024-12-05 13:00:00+00:00,EURUSD,0.0,default
PAPER-72,2024-12-05 14:00:00+00:00,EURUSD,-20.039030178569817,default
PAPER-73,2024-12-05 14:00:00+00:00,EURUSD,0.0,default
PAPER-74,2024-12-05 20:00:00+00:00,EURUSD,-9.821169399999809,default
PAPER-75,2024-12-05 21:00:00+00:00,EURUSD,0.0,default
PAPER-76,2024-12-06 15:00:00+00:00,EURUSD,-26.08183896428531,default
PAPER-77,2024-12-06 15:00:00+00:00,EURUSD,0.0,default
PAPER-78,2024-12-09 03:00:00+00:00,EURUSD,-26.799646071428903,default
PAPER-79,2024-12-09 03:00:00+00:00,EURUSD,0.0,default
PAPER-80,2024-12-09 15:00:00+00:00,EURUSD,46.828830300000504,default
PAPER-81,2024-12-09 15:00:00+00:00,EURUSD,0.0,default
PAPER-82,2024-12-09 16:00:00+00:00,EURUSD,-22.599710071428035,default
PAPER-83,2024-12-09 16:00:00+00:00,EURUSD,0.0,default
PAPER-84,2024-12-10 01:00:00+00:00,EURUSD,-24.806806914284728,default
PAPER-85,2024-12-10 01:00:00+00:00,EURUSD,0.0,default
PAPER-86,2024-12-10 09:00:00+00:00,EURUSD,-17.746072349999547,default
PAPER-87,2024-12-10 09:00:00+00:00,EURUSD,0.0,default
PAPER-88,2024-12-10 13:00:00+00:00,EURUSD,-14.049607171429754,default
PAPER-89,2024-12-10 13:00:00+00:00,EURUSD,0.0,default
PAPER-90,2024-12-10 15:00:00+00:00,EURUSD,-16.985299185715668,default
PAPER-91,2024-12-10 15:00:00+00:00,EURUSD,0.0,default
PAPER-92,2024-12-11 15:00:00+00:00,EURUSD,-19.674541121429968,default
PAPER-93,2024-12-11 15:00:00+00:00,EURUSD,0.0,default
PAPER-94,2024-12-12 07:00:00+00:00,EURUSD,-28.706751657143,default
PAPER-95,2024-12-12 07:00:00+00:00,EURUSD,0.0,default
PAPER-96,2024-12-12 12:00:00+00:00,EURUSD,25.421876628570946,default
PAPER-97,2024-12-12 12:00:00+00:00,EURUSD,0.0,default
PAPER-98,2024-12-12 14:00:00+00:00,EURUSD,-16.717438564284866,default
PAPER-99,2024-12-12 14:00:00+00:00,EURUSD,0.0,default
PAPER-100,2024-12-12 15:00:00+00:00,EURUSD,45.200481614284115,default
PAPER-101,2024-12-12 15:00:00+00:00,EURUSD,0.0,default
PAPER-102,2024-12-12 16:00:00+00:00,EURUSD,-29.253145921428644,default
PAPER-103,2024-12-12 16:00:00+00:00,EURUSD,0.0,default
PAPER-104,2024-12-18 19:00:00+00:00,EURUSD,64.61481855714092,default
PAPER-105,2024-12-18 19:00:00+00:00,EURUSD,0.0,default
PAPER-106,2024-12-19 07:00:00+00:00,EURUSD,-33.33510574285683,default
PAPER-107,2024-12-19 07:00:00+00:00,EURUSD,0.0,default
PAPER-108,2024-12-20 16:00:00+00:00,EURUSD,-37.43872077857056,default
PAPER-109,2024-12-20 16:00:00+00:00,EURUSD,0.0,default
PAPER-110,2024-12-30 12:00:00+00:00,EURUSD,-28.4923407142854,default
PAPER-111,2024-12-30 12:00:00+00:00,EURUSD,0.0,default
PAPER-112,2024-12-30 13:00:00+00:00,EURUSD,-15.98872560714358,default
PAPER-113,2024-12-30 13:00:00+00:00,EURUSD,0.0,default
PAPER-114,2024-12-31 15:00:00+00:00,EURUSD,-22.38501858571552,default
PAPER-115,2024-12-31 15:00:00+00:00,EURUSD,0.0,default
PAPER-116,2025-01-01 23:00:00+00:00,EURUSD,-5.320700399999194,default
PAPER-117,2025-01-02 00:00:00+00:00,EURUSD,0.0,default
PAPER-118,2025-01-02 03:00:00+00:00,EURUSD,-22.41717636428446,default
PAPER-119,2025-01-02 03:00:00+00:00,EURUSD,0.0,default
PAPER-120,2025-01-02 10:00:00+00:00,EURUSD,39.6507657142855,default
PAPER-121,2025-01-02 10:00:00+00:00,EURUSD,0.0,default
PAPER-122,2025-01-02 15:00:00+00:00,EURUSD,41.258021785714135,default
PAPER-123,2025-01-02 15:00:00+00:00,EURUSD,0.0,default
PAPER-124,2025-01-03 11:00:00+00:00,EURUSD,-28.33131790714387,default
PAPER-125,2025-01-03 11:00:00+00:00,EURUSD,0.0,default
PAPER-126,2025-01-06 01:00:00+00:00,EURUSD,-16.42776907142789,default
PAPER-127,2025-01-06 01:00:00+00:00,EURUSD,0.0,default
PAPER-128,2025-01-06 08:00:00+00:00,EURUSD,-19.042090014285662,default
PAPER-129,2025-01-06 08:00:00+00:00,EURUSD,0.0,default
PAPER-130,2025-01-06 09:00:00+00:00,EURUSD,-16.43858897857066,default
PAPER-131,2025-01-06 09:00:00+00:00,EURUSD,0.0,default
PAPER-132,2025-01-06 11:00:00+00:00,EURUSD,-18.195745950000273,default
PAPER-133,2025-01-06 11:00:00+00:00,EURUSD,0.0,default
PAPER-134,2025-01-06 14:00:00+00:00,EURUSD,58.46498885714282,default
PAPER-135,2025-01-06 14:00:00+00:00,EURUSD,0.0,default
PAPER-136,2025-01-07 09:00:00+00:00,EURUSD,-42.5708689000012,default
PAPER-137,2025-01-07 09:00:00+00:00,EURUSD,0.0,default
PAPER-138,2025-01-07 12:00:00+00:00,EURUSD,32.3006390142862,default
PAPER-139,2025-01-07 12:00:00+00:00,EURUSD,0.0,default
PAPER-140,2025-01-07 20:00:00+00:00,EURUSD,42.09359294285676,default
PAPER-141,2025-01-07 20:00:00+00:00,EURUSD,0.0,default
PAPER-142,2025-01-08 02:00:00+00:00,EURUSD,-11.120709599999444,default
PAPER-143,2025-01-08 03:00:00+00:00,EURUSD,0.0,default
PAPER-144,2025-01-08 07:00:00+00:00,EURUSD,-18.688516807143504,default
PAPER-145,2025-01-08 07:00:00+00:00,EURUSD,0.0,default
PAPER-146,2025-01-08 08:00:00+00:00,EURUSD,-14.338494707143871,default
PAPER-147,2025-01-08 08:00:00+00:00,EURUSD,0.0,default
PAPER-148,2025-01-08 11:00:00+00:00,EURUSD,-14.520609999999513,default
PAPER-149,2025-01-08 11:00:00+00:00,EURUSD,0.0,default
PAPER-150,2025-01-08 15:00:00+00:00,EURUSD,2.3793982000001797,default
PAPER-151,2025-01-08 16:00:00+00:00,EURUSD,0.0,default
PAPER-152,2025-01-10 13:00:00+00:00,EURUSD,51.65090811428418,default
PAPER-153,2025-01-10 13:00:00+00:00,EURUSD,0.0,default
PAPER-154,2025-01-13 04:00:00+00:00,EURUSD,46.72243882857059,default
PAPER-155,2025-01-13 04:00:00+00:00,EURUSD,0.0,default
PAPER-156,2025-01-13 21:00:00+00:00,EURUSD,-22.899039385713493,default
PAPER-157,2025-01-13 21:00:00+00:00,EURUSD,0.0,default
PAPER-158,2025-01-13 22:00:00+00:00,EURUSD,-28.984829042857204,default
PAPER-159,2025-01-13 22:00:00+00:00,EURUSD,0.0,default
PAPER-160,2025-01-14 15:00:00+00:00,EURUSD,-30.431292907142087,default
PAPER-161,2025-01-14 15:00:00+00:00,EURUSD,0.0,default
PAPER-162,2025-01-15 13:00:00+00:00,EURUSD,-25.963497828572,default
PAPER-163,2025-01-15 13:00:00+00:00,EURUSD,0.0,default
PAPER-164,2025-01-15 16:00:00+00:00,EURUSD,44.279400999999346,default
PAPER-165,2025-01-15 16:00:00+00:00,EURUSD,0.0,default
PAPER-166,2025-01-16 17:00:00+00:00,EURUSD,-32.05991079285626,default
PAPER-167,2025-01-16 17:00:00+00:00,EURUSD,0.0,default
PAPER-168,2025-01-17 06:00:00+00:00,EURUSD,4.77941780000036,default
PAPER-169,2025-01-17 07:00:00+00:00,EURUSD,0.0,default
PAPER-170,2025-01-17 11:00:00+00:00,EURUSD,23.215097214285677,default
PAPER-171,2025-01-17 11:00:00+00:00,EURUSD,0.0,default
PAPER-172,2025-01-17 12:00:00+00:00,EURUSD,-14.488438807142636,default
PAPER-173,2025-01-17 12:00:00+00:00,EURUSD,0.0,default
PAPER-174,2025-01-17 14:00:00+00:00,EURUSD,-15.506270514285976,default
PAPER-175,2025-01-17 14:00:00+00:00,EURUSD,0.0,default
PAPER-176,2025-01-17 17:00:00+00:00,EURUSD,-19.63127366428524,default
PAPER-177,2025-01-17 17:00:00+00:00,EURUSD,0.0,default
PAPER-178,2025-01-20 13:00:00+00:00,EURUSD,47.193627885714,default
PAPER-179,2025-01-20 13:00:00+00:00,EURUSD,0.0,default
PAPER-180,2025-01-20 17:00:00+00:00,EURUSD,-26.949315371429886,default
PAPER-181,2025-01-20 17:00:00+00:00,EURUSD,0.0,default
PAPER-182,2025-01-21 09:00:00+00:00,EURUSD,-39.099265871429544,default
PAPER-183,2025-01-21 09:00:00+00:00,EURUSD,0.0,default
PAPER-184,2025-01-21 17:00:00+00:00,EURUSD,69.5862950428586,default
PAPER-185,2025-01-21 17:00:00+00:00,EURUSD,0.0,default
PAPER-186,2025-01-21 23:00:00+00:00,EURUSD,-29.777927342857325,default
PAPER-187,2025-01-21 23:00:00+00:00,EURUSD,0.0,default
PAPER-188,2025-01-23 16:00:00+00:00,EURUSD,-27.763614657144117,default
PAPER-189,2025-01-23 16:00:00+00:00,EURUSD,0.0,default
PAPER-190,2025-01-24 06:00:00+00:00,EURUSD,46.7433515857155,default
PAPER-191,2025-01-24 06:00:00+00:00,EURUSD,0.0,default
PAPER-192,2025-01-24 09:00:00+00:00,EURUSD,38.66472071428698,default
PAPER-193,2025-01-24 09:00:00+00:00,EURUSD,0.0,default
PAPER-194,2025-01-24 13:00:00+00:00,EURUSD,-24.013799757143975,default
PAPER-195,2025-01-24 13:00:00+00:00,EURUSD,0.0,default
PAPER-196,2025-01-27 12:00:00+00:00,EURUSD,51.50038672857113,default
PAPER-197,2025-01-27 12:00:00+00:00,EURUSD,0.0,default
PAPER-198,2025-01-27 15:00:00+00:00,EURUSD,-24.52813804285623,default
PAPER-199,2025-01-27 15:00:00+00:00,EURUSD,0.0,default
PAPER-200,2025-01-27 23:00:00+00:00,EURUSD,-25.22452082142858,default
PAPER-201,2025-01-27 23:00:00+00:00,EURUSD,0.0,default
PAPER-202,2025-01-29 09:00:00+00:00,EURUSD,-26.938679107144264,default
PAPER-203,2025-01-29 09:00:00+00:00,EURUSD,0.0,default
PAPER-204,2025-01-29 13:00:00+00:00,EURUSD,-14.49935147142826,default
PAPER-205,2025-01-29 13:00:00+00:00,EURUSD,0.0,default
PAPER-206,2025-01-29 15:00:00+00:00,EURUSD,36.13629354285706,default
PAPER-207,2025-01-29 15:00:00+00:00,EURUSD,0.0,default
PAPER-208,2025-01-29 19:00:00+00:00,EURUSD,-22.69579505000089,default
PAPER-209,2025-01-29 19:00:00+00:00,EURUSD,0.0,default
PAPER-210,2025-01-30 08:00:00+00:00,EURUSD,4.37915779999996,default
PAPER-211,2025-01-30 09:00:00+00:00,EURUSD,0.0,default
PAPER-212,2025-01-30 13:00:00+00:00,EURUSD,-16.063703428571532,default
PAPER-213,2025-01-30 13:00:00+00:00,EURUSD,0.0,default
PAPER-214,2025-01-30 17:00:00+00:00,EURUSD,41.64345804285603,default
PAPER-215,2025-01-30 17:00:00+00:00,EURUSD,0.0,default
PAPER-216,2025-01-31 21:00:00+00:00,EURUSD,57.13642417142618,default
PAPER-217,2025-01-31 21:00:00+00:00,EURUSD,0.0,default
PAPER-218,2025-02-02 22:00:00+00:00,EURUSD,73.70085621428653,default
PAPER-219,2025-02-02 22:00:00+00:00,EURUSD,0.0,default
PAPER-220,2025-02-03 15:00:00+00:00,EURUSD,-47.75630995714345,default
PAPER-221,2025-02-03 15:00:00+00:00,EURUSD,0.0,default
PAPER-222,2025-02-04 14:00:00+00:00,EURUSD,-41.14571364999963,default
PAPER-223,2025-02-04 14:00:00+00:00,EURUSD,0.0,default
PAPER-224,2025-02-04 15:00:00+00:00,EURUSD,-26.092199514285223,default
PAPER-225,2025-02-04 15:00:00+00:00,EURUSD,0.0,default
PAPER-226,2025-02-05 07:00:00+00:00,EURUSD,-27.613671128571703,default
PAPER-227,2025-02-05 07:00:00+00:00,EURUSD,0.0,default
PAPER-228,2025-02-05 10:00:00+00:00,EURUSD,-17.574410335715246,default
PAPER-229,2025-02-05 10:00:00+00:00,EURUSD,0.0,default
PAPER-230,2025-02-06 07:00:00+00:00,EURUSD,40.85066131428448,default
PAPER-231,2025-02-06 07:00:00+00:00,EURUSD,0.0,default
PAPER-232,2025-02-06 12:00:00+00:00,EURUSD,24.886433871428064,default
PAPER-233,2025-02-06 12:00:00+00:00,EURUSD,0.0,default
PAPER-234,2025-02-06 14:00:00+00:00,EURUSD,-1.7207260000000348,default
PAPER-235,2025-02-06 15:00:00+00:00,EURUSD,0.0,default
PAPER-236,2025-02-07 13:00:00+00:00,EURUSD,-18.62427462142753,default
PAPER-237,2025-02-07 13:00:00+00:00,EURUSD,0.0,default
PAPER-238,2025-02-07 15:00:00+00:00,EURUSD,-21.774256521428185,default
PAPER-239,2025-02-07 15:00:00+00:00,EURUSD,0.0,default
PAPER-240,2025-02-07 16:00:00+00:00,EURUSD,-28.417083978571736,default
PAPER-241,2025-02-07 16:00:00+00:00,EURUSD,0.0,default
PAPER-242,2025-02-09 22:00:00+00:00,EURUSD,-31.42773744285703,default
PAPER-243,2025-02-09 22:00:00+00:00,EURUSD,0.0,default
PAPER-244,2025-02-10 09:00:00+00:00,EURUSD,-41.49923578571322,default
PAPER-245,2025-02-10 09:00:00+00:00,EURUSD,0.0,default
PAPER-246,2025-02-11 16:00:00+00:00,EURUSD,-22.277839771428468,default
PAPER-247,2025-02-11 16:00:00+00:00,EURUSD,0.0,default
PAPER-248,2025-02-11 19:00:00+00:00,EURUSD,-15.817150364285633,default
PAPER-249,2025-02-11 19:00:00+00:00,EURUSD,0.0,default
PAPER-250,2025-02-12 07:00:00+00:00,EURUSD,-19.320753599999872,default
PAPER-251,2025-02-12 07:00:00+00:00,EURUSD,0.0,default
PAPER-252,2025-02-12 13:00:00+00:00,EURUSD,29.36502245714314,default
PAPER-253,2025-02-12 13:00:00+00:00,EURUSD,0.0,default
PAPER-254,2025-02-12 14:00:00+00:00,EURUSD,-19.35284652142818,default
PAPER-255,2025-02-12 14:00:00+00:00,EURUSD,0.0,default
PAPER-256,2025-02-12 15:00:00+00:00,EURUSD,-21.54931388571353,default
PAPER-257,2025-02-12 15:00:00+00:00,EURUSD,0.0,default
PAPER-258,2025-02-12 17:00:00+00:00,EURUSD,-25.26722686428537,default
PAPER-259,2025-02-12 17:00:00+00:00,EURUSD,0.0,default
PAPER-260,2025-02-12 22:00:00+00:00,EURUSD,40.77923060000084,default
PAPER-261,2025-02-12 23:00:00+00:00,EURUSD,0.0,default
PAPER-262,2025-02-13 20:00:00+00:00,EURUSD,70.35764447143032,default
PAPER-263,2025-02-13 20:00:00+00:00,EURUSD,0.0,default
PAPER-264,2025-02-19 10:00:00+00:00,EURUSD,-39.63513108571528,default
PAPER-265,2025-02-19 10:00:00+00:00,EURUSD,0.0,default
PAPER-266,2025-02-19 16:00:00+00:00,EURUSD,-13.245822950001152,default
PAPER-267,2025-02-19 16:00:00+00:00,EURUSD,0.0,default
PAPER-268,2025-02-20 08:00:00+00:00,EURUSD,34.271977757142615,default
PAPER-269,2025-02-20 08:00:00+00:00,EURUSD,0.0,default
PAPER-270,2025-02-20 15:00:00+00:00,EURUSD,28.014790014286035,default
PAPER-271,2025-02-20 15:00:00+00:00,EURUSD,0.0,default
PAPER-272,2025-02-21 15:00:00+00:00,EURUSD,-21.313763957144047,default
PAPER-273,2025-02-21 15:00:00+00:00,EURUSD,0.0,default
PAPER-274,2025-02-24 00:00:00+00:00,EURUSD,42.0932918857139,default
PAPER-275,2025-02-24 00:00:00+00:00,EURUSD,0.0,default
PAPER-276,2025-02-24 08:00:00+00:00,EURUSD,-25.095960050001068,default
PAPER-277,2025-02-24 08:00:00+00:00,EURUSD,0.0,default
PAPER-278,2025-02-24 14:00:00+00:00,EURUSD,-24.33519848571497,default
PAPER-279,2025-02-24 14:00:00+00:00,EURUSD,0.0,default
PAPER-280,2025-02-25 13:00:00+00:00,EURUSD,45.07184415714232,default
PAPER-281,2025-02-25 13:00:00+00:00,EURUSD,0.0,default
PAPER-282,2025-02-25 17:00:00+00:00,EURUSD,-16.192398028572693,default
PAPER-283,2025-02-25 17:00:00+00:00,EURUSD,0.0,default
PAPER-284,2025-02-26 12:00:00+00:00,EURUSD,-20.831678864286445,default
PAPER-285,2025-02-26 12:00:00+00:00,EURUSD,0.0,default
PAPER-286,2025-02-26 16:00:00+00:00,EURUSD,31.957552471427444,default
PAPER-287,2025-02-26 16:00:00+00:00,EURUSD,0.0,default
PAPER-288,2025-02-26 17:00:00+00:00,EURUSD,-20.84241592856985,default
PAPER-289,2025-02-26 17:00:00+00:00,EURUSD,0.0,default
PAPER-290,2025-02-27 03:00:00+00:00,EURUSD,-24.945936350000085,default
PAPER-291,2025-02-27 03:00:00+00:00,EURUSD,0.0,default
PAPER-292,2025-02-27 13:00:00+00:00,EURUSD,-22.031602864285425,default
PAPER-293,2025-02-27 13:00:00+00:00,EURUSD,0.0,default
PAPER-294,2025-02-27 17:00:00+00:00,EURUSD,-22.160089835715155,default
PAPER-295,2025-02-27 17:00:00+00:00,EURUSD,0.0,default
PAPER-296,2025-02-28 02:00:00+00:00,EURUSD,-25.9529071928578,default
PAPER-297,2025-02-28 02:00:00+00:00,EURUSD,0.0,default
PAPER-298,2025-02-28 13:00:00+00:00,EURUSD,-27.163674828570976,default
PAPER-299,2025-02-28 13:00:00+00:00,EURUSD,0.0,default
PAPER-300,2025-02-28 18:00:00+00:00,EURUSD,30.65067771428427,default
PAPER-301,2025-02-28 18:00:00+00:00,EURUSD,0.0,default
PAPER-302,2025-03-02 22:00:00+00:00,EURUSD,-22.374341935713385,default
PAPER-303,2025-03-02 22:00:00+00:00,EURUSD,0.0,default
PAPER-304,2025-03-03 09:00:00+00:00,EURUSD,-25.556571557142345,default
PAPER-305,2025-03-03 09:00:00+00:00,EURUSD,0.0,default
PAPER-306,2025-03-03 11:00:00+00:00,EURUSD,-22.278040371428467,default
PAPER-307,2025-03-03 11:00:00+00:00,EURUSD,0.0,default
PAPER-308,2025-03-03 12:00:00+00:00,EURUSD,-23.510236492857977,default
PAPER-309,2025-03-03 12:00:00+00:00,EURUSD,0.0,default
PAPER-310,2025-03-03 15:00:00+00:00,EURUSD,-22.878128171427957,default
PAPER-311,2025-03-03 15:00:00+00:00,EURUSD,0.0,default
PAPER-312,2025-03-04 08:00:00+00:00,EURUSD,-24.06744446428639,default
PAPER-313,2025-03-04 08:00:00+00:00,EURUSD,0.0,default
PAPER-314,2025-03-04 11:00:00+00:00,EURUSD,-23.253225521429304,default
PAPER-315,2025-03-04 11:00:00+00:00,EURUSD,0.0,default
PAPER-316,2025-03-04 18:00:00+00:00,EURUSD,-25.128280071429376,default
PAPER-317,2025-03-04 18:00:00+00:00,EURUSD,0.0,default
PAPER-318,2025-03-04 19:00:00+00:00,EURUSD,-11.521202999999844,default
PAPER-319,2025-03-04 20:00:00+00:00,EURUSD,0.0,default
PAPER-320,2025-03-05 08:00:00+00:00,EURUSD,77.98576844285812,default
PAPER-321,2025-03-05 08:00:00+00:00,EURUSD,0.0,default
PAPER-322,2025-03-05 14:00:00+00:00,EURUSD,58.93562734285543,default
PAPER-323,2025-03-05 14:00:00+00:00,EURUSD,0.0,default
PAPER-324,2025-03-07 08:00:00+00:00,EURUSD,83.36400611428449,default
PAPER-325,2025-03-07 08:00:00+00:00,EURUSD,0.0,default
PAPER-326,2025-03-07 18:00:00+00:00,EURUSD,-24.860939035715077,default
PAPER-327,2025-03-07 18:00:00+00:00,EURUSD,0.0,default
PAPER-328,2025-03-11 09:00:00+00:00,EURUSD,78.09244808571437,default
PAPER-329,2025-03-11 09:00:00+00:00,EURUSD,0.0,default
PAPER-330,2025-03-11 11:00:00+00:00,EURUSD,-28.493190028571117,default
PAPER-331,2025-03-11 11:00:00+00:00,EURUSD,0.0,default
PAPER-332,2025-03-13 06:00:00+00:00,EURUSD,-32.23246046428563,default
PAPER-333,2025-03-13 06:00:00+00:00,EURUSD,0.0,default
PAPER-334,2025-03-13 11:00:00+00:00,EURUSD,-17.157430614285683,default
PAPER-335,2025-03-13 11:00:00+00:00,EURUSD,0.0,default
PAPER-336,2025-03-13 12:00:00+00:00,EURUSD,-22.71809737857214,default
PAPER-337,2025-03-13 12:00:00+00:00,EURUSD,0.0,default
PAPER-338,2025-03-14 10:00:00+00:00,EURUSD,53.856792671428806,default
PAPER-339,2025-03-14 10:00:00+00:00,EURUSD,0.0,default
PAPER-340,2025-03-14 13:00:00+00:00,EURUSD,-22.021747399999796,default
PAPER-341,2025-03-14 13:00:00+00:00,EURUSD,0.0,default
PAPER-342,2025-03-18 07:00:00+00:00,EURUSD,54.24242698571356,default
PAPER-343,2025-03-18 07:00:00+00:00,EURUSD,0.0,default
PAPER-344,2025-03-18 11:00:00+00:00,EURUSD,-13.053988592857666,default
PAPER-345,2025-03-18 11:00:00+00:00,EURUSD,0.0,default
PAPER-346,2025-03-18 12:00:00+00:00,EURUSD,-17.993226828571164,default
PAPER-347,2025-03-18 12:00:00+00:00,EURUSD,0.0,default
PAPER-348,2025-03-19 07:00:00+00:00,EURUSD,-20.907497114285825,default
PAPER-349,2025-03-19 07:00:00+00:00,EURUSD,0.0,default
PAPER-350,2025-03-19 15:00:00+00:00,EURUSD,-16.868181878571562,default
PAPER-351,2025-03-19 15:00:00+00:00,EURUSD,0.0,default
PAPER-352,2025-03-20 09:00:00+00:00,EURUSD,-24.893134228571956,default
PAPER-353,2025-03-20 09:00:00+00:00,EURUSD,0.0,default
PAPER-354,2025-03-20 12:00:00+00:00,EURUSD,-20.69309302857331,default
PAPER-355,2025-03-20 12:00:00+00:00,EURUSD,0.0,default
PAPER-356,2025-03-20 23:00:00+00:00,EURUSD,17.978295000000237,default
PAPER-357,2025-03-21 00:00:00+00:00,EURUSD,0.0,default
PAPER-358,2025-03-21 15:00:00+00:00,EURUSD,35.79265234285767,default
PAPER-359,2025-03-21 15:00:00+00:00,EURUSD,0.0,default
PAPER-360,2025-03-23 23:00:00+00:00,EURUSD,-25.47166230000019,default
PAPER-361,2025-03-23 23:00:00+00:00,EURUSD,0.0,default
PAPER-362,2025-03-24 16:00:00+00:00,EURUSD,47.98556827142841,default
PAPER-363,2025-03-24 16:00:00+00:00,EURUSD,0.0,default
PAPER-364,2025-03-25 10:00:00+00:00,EURUSD,-28.25735295714227,default
PAPER-365,2025-03-25 10:00:00+00:00,EURUSD,0.0,default
PAPER-366,2025-03-25 22:00:00+00:00,EURUSD,30.73556537142864,default
PAPER-367,2025-03-25 22:00:00+00:00,EURUSD,0.0,default
PAPER-368,2025-03-26 19:00:00+00:00,EURUSD,39.94993271428525,default
PAPER-369,2025-03-26 19:00:00+00:00,EURUSD,0.0,default
PAPER-370,2025-03-27 02:00:00+00:00,EURUSD,-24.539407978572655,default
PAPER-371,2025-03-27 02:00:00+00:00,EURUSD,0.0,default
PAPER-372,2025-03-27 15:00:00+00:00,EURUSD,-26.510889292857645,default
PAPER-373,2025-03-27 15:00:00+00:00,EURUSD,0.0,default
PAPER-374,2025-03-28 14:00:00+00:00,EURUSD,-27.32522403571473,default
PAPER-375,2025-03-28 14:00:00+00:00,EURUSD,0.0,default
PAPER-376,2025-03-28 15:00:00+00:00,EURUSD,-21.98954587857149,default
PAPER-377,2025-03-28 15:00:00+00:00,EURUSD,0.0,default
PAPER-378,2025-03-31 07:00:00+00:00,EURUSD,-23.950268285715932,default
PAPER-379,2025-03-31 07:00:00+00:00,EURUSD,0.0,default
PAPER-380,2025-03-31 14:00:00+00:00,EURUSD,43.485567671427795,default
PAPER-381,2025-03-31 14:00:00+00:00,EURUSD,0.0,default
PAPER-382,2025-04-01 01:00:00+00:00,EURUSD,-26.178797771429593,default
PAPER-383,2025-04-01 01:00:00+00:00,EURUSD,0.0,default
PAPER-384,2025-04-01 05:00:00+00:00,EURUSD,11.9783842000009,default
PAPER-385,2025-04-01 06:00:00+00:00,EURUSD,0.0,default
PAPER-386,2025-04-01 10:00:00+00:00,EURUSD,-13.707305114287506,default
PAPER-387,2025-04-01 10:00:00+00:00,EURUSD,0.0,default
PAPER-388,2025-04-01 11:00:00+00:00,EURUSD,-17.489420007144524,default
PAPER-389,2025-04-01 11:00:00+00:00,EURUSD,0.0,default
PAPER-390,2025-04-02 12:00:00+00:00,EURUSD,36.11407821428581,default
PAPER-391,2025-04-02 12:00:00+00:00,EURUSD,0.0,default
PAPER-392,2025-04-02 14:00:00+00:00,EURUSD,31.635439742856448,default
PAPER-393,2025-04-02 14:00:00+00:00,EURUSD,0.0,default
PAPER-394,2025-04-02 20:00:00+00:00,EURUSD,-21.775246121428182,default
PAPER-395,2025-04-02 20:00:00+00:00,EURUSD,0.0,default
PAPER-396,2025-04-02 21:00:00+00:00,EURUSD,-37.33235406428574,default
PAPER-397,2025-04-02 21:00:00+00:00,EURUSD,0.0,default
PAPER-398,2025-04-02 23:00:00+00:00,EURUSD,79.1424695857146,default
PAPER-399,2025-04-02 23:00:00+00:00,EURUSD,0.0,default
PAPER-400,2025-04-03 08:00:00+00:00,EURUSD,97.22799510000206,default
PAPER-401,2025-04-03 08:00:00+00:00,EURUSD,0.0,default
PAPER-402,2025-04-03 10:00:00+00:00,EURUSD,123.39201908571582,default
PAPER-403,2025-04-03 10:00:00+00:00,EURUSD,0.0,default
PAPER-404,2025-04-04 08:00:00+00:00,EURUSD,-66.97911554285677,default
PAPER-405,2025-04-04 08:00:00+00:00,EURUSD,0.0,default
PAPER-406,2025-04-04 12:00:00+00:00,EURUSD,82.48498364285874,default
PAPER-407,2025-04-04 12:00:00+00:00,EURUSD,0.0,default
PAPER-408,2025-04-04 14:00:00+00:00,EURUSD,-60.90406249285806,default
PAPER-409,2025-04-04 14:00:00+00:00,EURUSD,0.0,default
PAPER-410,2025-04-06 21:00:00+00:00,EURUSD,-66.00398469285817,default
PAPER-411,2025-04-06 21:00:00+00:00,EURUSD,0.0,default
PAPER-412,2025-04-09 06:00:00+00:00,EURUSD,155.32071145714292,default
PAPER-413,2025-04-09 06:00:00+00:00,EURUSD,0.0,default
PAPER-414,2025-04-09 07:00:00+00:00,EURUSD,-44.768486478572264,default
PAPER-415,2025-04-09 07:00:00+00:00,EURUSD,0.0,default
PAPER-416,2025-04-09 17:00:00+00:00,EURUSD,-49.86836107857015,default
PAPER-417,2025-04-09 17:00:00+00:00,EURUSD,0.0,default
PAPER-418,2025-04-10 12:00:00+00:00,EURUSD,142.39918792857154,default
PAPER-419,2025-04-10 12:00:00+00:00,EURUSD,0.0,default
PAPER-420,2025-04-10 14:00:00+00:00,EURUSD,83.89906472857244,default
PAPER-421,2025-04-10 14:00:00+00:00,EURUSD,0.0,default
PAPER-422,2025-04-11 00:00:00+00:00,EURUSD,94.8060091714284,default
PAPER-423,2025-04-11 00:00:00+00:00,EURUSD,0.0,default
PAPER-424,2025-04-11 08:00:00+00:00,EURUSD,149.12707990000013,default
PAPER-425,2025-04-11 08:00:00+00:00,EURUSD,0.0,default
PAPER-426,2025-04-11 10:00:00+00:00,EURUSD,-85.20482829285737,default
PAPER-427,2025-04-11 10:00:00+00:00,EURUSD,0.0,default
PAPER-428,2025-04-21 02:00:00+00:00,EURUSD,173.01983585714342,default
PAPER-429,2025-04-21 02:00:00+00:00,EURUSD,0.0,default
PAPER-430,2025-04-21 07:00:00+00:00,EURUSD,57.391160285714214,default
PAPER-431,2025-04-21 07:00:00+00:00,EURUSD,0.0,default
PAPER-432,2025-04-21 11:00:00+00:00,EURUSD,-40.473032100000765,default
PAPER-433,2025-04-21 11:00:00+00:00,EURUSD,0.0,default
PAPER-434,2025-04-21 14:00:00+00:00,EURUSD,-48.39084740714268,default
PAPER-435,2025-04-21 14:00:00+00:00,EURUSD,0.0,default
PAPER-436,2025-04-22 16:00:00+00:00,EURUSD,-48.28361476428642,default
PAPER-437,2025-04-22 16:00:00+00:00,EURUSD,0.0,default
PAPER-438,2025-04-22 21:00:00+00:00,EURUSD,-38.98350556428544,default
PAPER-439,2025-04-22 21:00:00+00:00,EURUSD,0.0,default
PAPER-440,2025-04-22 22:00:00+00:00,EURUSD,-39.561934235713686,default
PAPER-441,2025-04-22 22:00:00+00:00,EURUSD,0.0,default
PAPER-442,2025-04-23 09:00:00+00:00,EURUSD,85.91286541428566,default
PAPER-443,2025-04-23 09:00:00+00:00,EURUSD,0.0,default
PAPER-444,2025-04-23 13:00:00+00:00,EURUSD,-51.35844941428547,default
PAPER-445,2025-04-23 13:00:00+00:00,EURUSD,0.0,default
PAPER-446,2025-04-24 08:00:00+00:00,EURUSD,45.87723999999872,default
PAPER-447,2025-04-24 09:00:00+00:00,EURUSD,0.0,default
PAPER-448,2025-04-25 03:00:00+00:00,EURUSD,54.47734119999954,default
PAPER-449,2025-04-25 03:00:00+00:00,EURUSD,0.0,default
PAPER-450,2025-04-25 06:00:00+00:00,EURUSD,-28.9548509214289,default
PAPER-451,2025-04-25 06:00:00+00:00,EURUSD,0.0,default
PAPER-452,2025-04-25 14:00:00+00:00,EURUSD,-28.66559682857192,default
PAPER-453,2025-04-25 14:00:00+00:00,EURUSD,0.0,default
PAPER-454,2025-04-28 14:00:00+00:00,EURUSD,-33.51923096428612,default
PAPER-455,2025-04-28 14:00:00+00:00,EURUSD,0.0,default
PAPER-456,2025-04-28 16:00:00+00:00,EURUSD,-35.276397935713526,default
PAPER-457,2025-04-28 16:00:00+00:00,EURUSD,0.0,default
PAPER-458,2025-04-30 15:00:00+00:00,EURUSD,74.44875591428477,default
PAPER-459,2025-04-30 15:00:00+00:00,EURUSD,0.0,default
PAPER-460,2025-05-01 14:00:00+00:00,EURUSD,64.57029132857207,default
PAPER-461,2025-05-01 14:00:00+00:00,EURUSD,0.0,default
PAPER-462,2025-05-02 03:00:00+00:00,EURUSD,-32.1904836785717,default
PAPER-463,2025-05-02 03:00:00+00:00,EURUSD,0.0,default
PAPER-464,2025-05-02 09:00:00+00:00,EURUSD,-26.511963292857644,default
PAPER-465,2025-05-02 09:00:00+00:00,EURUSD,0.0,default
PAPER-466,2025-05-02 13:00:00+00:00,EURUSD,-24.58346280714373,default
PAPER-467,2025-05-02 13:00:00+00:00,EURUSD,0.0,default
PAPER-468,2025-05-02 18:00:00+00:00,EURUSD,74.32026162857156,default
PAPER-469,2025-05-02 18:00:00+00:00,EURUSD,0.0,default
PAPER-470,2025-05-05 02:00:00+00:00,EURUSD,-42.9905412785714,default
PAPER-471,2025-05-05 02:00:00+00:00,EURUSD,0.0,default
PAPER-472,2025-05-06 19:00:00+00:00,EURUSD,-34.48346660714197,default
PAPER-473,2025-05-06 19:00:00+00:00,EURUSD,0.0,default
PAPER-474,2025-05-07 19:00:00+00:00,EURUSD,66.07024512857079,default
PAPER-475,2025-05-07 19:00:00+00:00,EURUSD,0.0,default
PAPER-476,2025-05-08 03:00:00+00:00,EURUSD,-30.926245435713888,default
PAPER-477,2025-05-08 03:00:00+00:00,EURUSD,0.0,default
PAPER-478,2025-05-08 15:00:00+00:00,EURUSD,59.62032282857073,default
PAPER-479,2025-05-08 15:00:00+00:00,EURUSD,0.0,default
PAPER-480,2025-05-09 14:00:00+00:00,EURUSD,-37.06542582857144,default
PAPER-481,2025-05-09 14:00:00+00:00,EURUSD,0.0,default
PAPER-482,2025-05-11 21:00:00+00:00,EURUSD,49.31327875714283,default
PAPER-483,2025-05-11 21:00:00+00:00,EURUSD,0.0,default
PAPER-484,2025-05-12 01:00:00+00:00,EURUSD,-27.979624971428063,default
PAPER-485,2025-05-12 01:00:00+00:00,EURUSD,0.0,default
PAPER-486,2025-05-12 07:00:00+00:00,EURUSD,56.17051892857255,default
PAPER-487,2025-05-12 07:00:00+00:00,EURUSD,0.0,default
PAPER-488,2025-05-12 08:00:00+00:00,EURUSD,-38.00799925714397,default
PAPER-489,2025-05-12 08:00:00+00:00,EURUSD,0.0,default
PAPER-490,2025-05-13 16:00:00+00:00,EURUSD,-43.493789314285976,default
PAPER-491,2025-05-13 16:00:00+00:00,EURUSD,0.0,default
PAPER-492,2025-05-14 07:00:00+00:00,EURUSD,-26.908118457142308,default
PAPER-493,2025-05-14 07:00:00+00:00,EURUSD,0.0,default
PAPER-494,2025-05-14 08:00:00+00:00,EURUSD,-20.340326778571782,default
PAPER-495,2025-05-14 08:00:00+00:00,EURUSD,0.0,default
PAPER-496,2025-05-14 09:00:00+00:00,EURUSD,-23.436808542858593,default
PAPER-497,2025-05-14 09:00:00+00:00,EURUSD,0.0,default
PAPER-498,2025-05-14 15:00:00+00:00,EURUSD,50.256168585715365,default
PAPER-499,2025-05-14 15:00:00+00:00,EURUSD,0.0,default
PAPER-500,2025-05-16 16:00:00+00:00,EURUSD,65.1920071428571,default
PAPER-501,2025-05-16 16:00:00+00:00,EURUSD,0.0,default
PAPER-502,2025-05-18 21:00:00+00:00,EURUSD,-25.065196028572764,default
PAPER-503,2025-05-18 21:00:00+00:00,EURUSD,0.0,default
PAPER-504,2025-05-19 06:00:00+00:00,EURUSD,-26.88668744285677,default
PAPER-505,2025-05-19 06:00:00+00:00,EURUSD,0.0,default
PAPER-506,2025-05-19 07:00:00+00:00,EURUSD,-25.16175299285768,default
PAPER-507,2025-05-19 07:00:00+00:00,EURUSD,0.0,default
PAPER-508,2025-05-19 09:00:00+00:00,EURUSD,-28.50467482142817,default
PAPER-509,2025-05-19 09:00:00+00:00,EURUSD,0.0,default
PAPER-510,2025-05-19 22:00:00+00:00,EURUSD,43.07752759999814,default
PAPER-511,2025-05-19 23:00:00+00:00,EURUSD,0.0,default
PAPER-512,2025-05-20 07:00:00+00:00,EURUSD,39.17745519999924,default
PAPER-513,2025-05-20 07:00:00+00:00,EURUSD,0.0,default
PAPER-514,2025-05-20 08:00:00+00:00,EURUSD,-20.565370057143575,default
PAPER-515,2025-05-20 08:00:00+00:00,EURUSD,0.0,default
PAPER-516,2025-05-20 12:00:00+00:00,EURUSD,-22.343902328570795,default
PAPER-517,2025-05-20 12:00:00+00:00,EURUSD,0.0,default
PAPER-518,2025-05-20 22:00:00+00:00,EURUSD,50.2774292000009,default
PAPER-519,2025-05-20 22:00:00+00:00,EURUSD,0.0,default
PAPER-520,2025-05-21 02:00:00+00:00,EURUSD,43.59163508571484,default
PAPER-521,2025-05-21 02:00:00+00:00,EURUSD,0.0,default
PAPER-522,2025-05-22 07:00:00+00:00,EURUSD,-23.31902697857163,default
PAPER-523,2025-05-22 07:00:00+00:00,EURUSD,0.0,default
PAPER-524,2025-05-22 09:00:00+00:00,EURUSD,-26.222591800000668,default
PAPER-525,2025-05-22 09:00:00+00:00,EURUSD,0.0,default
PAPER-526,2025-05-22 15:00:00+00:00,EURUSD,-27.0796791428574,default
PAPER-527,2025-05-22 15:00:00+00:00,EURUSD,0.0,default
PAPER-528,2025-05-23 07:00:00+00:00,EURUSD,59.877318199999394,default
PAPER-529,2025-05-23 07:00:00+00:00,EURUSD,0.0,default
PAPER-530,2025-05-23 11:00:00+00:00,EURUSD,-20.81192473571519,default
PAPER-531,2025-05-23 11:00:00+00:00,EURUSD,0.0,default
PAPER-532,2025-05-25 23:00:00+00:00,EURUSD,58.48438124285916,default
PAPER-533,2025-05-25 23:00:00+00:00,EURUSD,0.0,default
PAPER-534,2025-05-27 07:00:00+00:00,EURUSD,-36.733392264286245,default
PAPER-535,2025-05-27 07:00:00+00:00,EURUSD,0.0,default
PAPER-536,2025-05-28 01:00:00+00:00,EURUSD,-20.06192903571472,default
PAPER-537,2025-05-28 01:00:00+00:00,EURUSD,0.0,default
PAPER-538,2025-05-28 05:00:00+00:00,EURUSD,-19.911882335713734,default
PAPER-539,2025-05-28 05:00:00+00:00,EURUSD,0.0,default
PAPER-540,2025-05-28 13:00:00+00:00,EURUSD,-18.379737142858133,default
PAPER-541,2025-05-28 13:00:00+00:00,EURUSD,0.0,default
PAPER-542,2025-05-28 15:00:00+00:00,EURUSD,-25.601139271427705,default
PAPER-543,2025-05-28 15:00:00+00:00,EURUSD,0.0,default
PAPER-544,2025-05-28 23:00:00+00:00,EURUSD,-27.10108787142865,default
PAPER-545,2025-05-28 23:00:00+00:00,EURUSD,0.0,default
PAPER-546,2025-05-29 07:00:00+00:00,EURUSD,44.57744979999909,default
PAPER-547,2025-05-29 08:00:00+00:00,EURUSD,0.0,default
PAPER-548,2025-05-29 12:00:00+00:00,EURUSD,-31.311890892858003,default
PAPER-549,2025-05-29 12:00:00+00:00,EURUSD,0.0,default
PAPER-550,2025-06-02 02:00:00+00:00,EURUSD,-16.42273019999864,default
PAPER-551,2025-06-02 03:00:00+00:00,EURUSD,0.0,default
PAPER-552,2025-06-02 06:00:00+00:00,EURUSD,43.09861692857161,default
PAPER-553,2025-06-02 06:00:00+00:00,EURUSD,0.0,default
PAPER-554,2025-06-02 14:00:00+00:00,EURUSD,39.71283081428497,default
PAPER-555,2025-06-02 14:00:00+00:00,EURUSD,0.0,default
PAPER-556,2025-06-03 08:00:00+00:00,EURUSD,-28.59067120714175,default
PAPER-557,2025-06-03 08:00:00+00:00,EURUSD,0.0,default
PAPER-558,2025-06-03 11:00:00+00:00,EURUSD,-18.926358621429497,default
PAPER-559,2025-06-03 11:00:00+00:00,EURUSD,0.0,default
PAPER-560,2025-06-03 14:00:00+00:00,EURUSD,-21.047740550001183,default
PAPER-561,2025-06-03 14:00:00+00:00,EURUSD,0.0,default
PAPER-562,2025-06-03 16:00:00+00:00,EURUSD,-24.401307671428725,default
PAPER-563,2025-06-03 16:00:00+00:00,EURUSD,0.0,default
PAPER-564,2025-06-04 14:00:00+00:00,EURUSD,48.73429714285745,default
PAPER-565,2025-06-04 14:00:00+00:00,EURUSD,0.0,default
PAPER-566,2025-06-05 13:00:00+00:00,EURUSD,57.32701870000046,default
PAPER-567,2025-06-05 13:00:00+00:00,EURUSD,0.0,default
PAPER-568,2025-06-05 15:00:00+00:00,EURUSD,-29.222904200000336,default
PAPER-569,2025-06-05 15:00:00+00:00,EURUSD,0.0,default
PAPER-570,2025-06-06 12:00:00+00:00,EURUSD,-31.11924657857166,default
PAPER-571,2025-06-06 12:00:00+00:00,EURUSD,0.0,default
PAPER-572,2025-06-06 13:00:00+00:00,EURUSD,-20.469182678572945,default
PAPER-573,2025-06-06 13:00:00+00:00,EURUSD,0.0,default
PAPER-574,2025-06-09 08:00:00+00:00,EURUSD,43.91284361428584,default
PAPER-575,2025-06-09 08:00:00+00:00,EURUSD,0.0,default
PAPER-576,2025-06-09 11:00:00+00:00,EURUSD,-18.07996494285617,default
PAPER-577,2025-06-09 11:00:00+00:00,EURUSD,0.0,default
PAPER-578,2025-06-09 12:00:00+00:00,EURUSD,-20.308510314286337,default
PAPER-579,2025-06-09 12:00:00+00:00,EURUSD,0.0,default
PAPER-580,2025-06-10 07:00:00+00:00,EURUSD,-21.487044985714064,default
PAPER-581,2025-06-10 07:00:00+00:00,EURUSD,0.0,default
PAPER-582,2025-06-10 12:00:00+00:00,EURUSD,41.29856012857092,default
PAPER-583,2025-06-10 12:00:00+00:00,EURUSD,0.0,default
PAPER-584,2025-06-11 01:00:00+00:00,EURUSD,-26.587098385714167,default
PAPER-585,2025-06-11 01:00:00+00:00,EURUSD,0.0,default
PAPER-586,2025-06-11 12:00:00+00:00,EURUSD,41.319955857142176,default
PAPER-587,2025-06-11 12:00:00+00:00,EURUSD,0.0,default
PAPER-588,2025-06-12 00:00:00+00:00,EURUSD,51.819830857144346,default
PAPER-589,2025-06-12 00:00:00+00:00,EURUSD,0.0,default
PAPER-590,2025-06-12 09:00:00+00:00,EURUSD,52.37685100000134,default
PAPER-591,2025-06-12 09:00:00+00:00,EURUSD,0.0,default
PAPER-592,2025-06-12 12:00:00+00:00,EURUSD,53.16960535714209,default
PAPER-593,2025-06-12 12:00:00+00:00,EURUSD,0.0,default
PAPER-594,2025-06-12 15:00:00+00:00,EURUSD,-35.89814925000077,default
PAPER-595,2025-06-12 15:00:00+00:00,EURUSD,0.0,default
PAPER-596,2025-06-13 00:00:00+00:00,EURUSD,-37.86950827857147,default
PAPER-597,2025-06-13 00:00:00+00:00,EURUSD,0.0,default
PAPER-598,2025-06-13 04:00:00+00:00,EURUSD,-32.80162527142824,default
PAPER-599,2025-06-13 04:00:00+00:00,EURUSD,0.0,default
PAPER-600,2025-06-13 10:00:00+00:00,EURUSD,-30.058706414285815,default
PAPER-601,2025-06-13 10:00:00+00:00,EURUSD,0.0,default
PAPER-602,2025-06-16 07:00:00+00:00,EURUSD,74.87683879999996,default
PAPER-603,2025-06-16 07:00:00+00:00,EURUSD,0.0,default
PAPER-604,2025-06-16 23:00:00+00:00,EURUSD,-27.43381846428527,default
PAPER-605,2025-06-16 23:00:00+00:00,EURUSD,0.0,default
PAPER-606,2025-06-17 14:00:00+00:00,EURUSD,-21.744494328571303,default
PAPER-607,2025-06-17 14:00:00+00:00,EURUSD,0.0,default
PAPER-608,2025-06-17 16:00:00+00:00,EURUSD,-27.23014324285616,default
PAPER-609,2025-06-17 16:00:00+00:00,EURUSD,0.0,default
PAPER-610,2025-06-18 19:00:00+00:00,EURUSD,-30.62651722142843,default
PAPER-611,2025-06-18 19:00:00+00:00,EURUSD,0.0,default
PAPER-612,2025-06-19 10:00:00+00:00,EURUSD,-2.2229461999988693,default
PAPER-613,2025-06-19 11:00:00+00:00,EURUSD,0.0,default
PAPER-614,2025-06-19 23:00:00+00:00,EURUSD,-23.501579385715203,default
PAPER-615,2025-06-19 23:00:00+00:00,EURUSD,0.0,default
PAPER-616,2025-06-20 04:00:00+00:00,EURUSD,-20.919492564285736,default
PAPER-617,2025-06-20 04:00:00+00:00,EURUSD,0.0,default
PAPER-618,2025-06-22 21:00:00+00:00,EURUSD,34.934159771429506,default
PAPER-619,2025-06-22 21:00:00+00:00,EURUSD,0.0,default
PAPER-620,2025-06-22 23:00:00+00:00,EURUSD,-28.40871805714325,default
PAPER-621,2025-06-22 23:00:00+00:00,EURUSD,0.0,default
PAPER-622,2025-06-23 14:00:00+00:00,EURUSD,-30.33734414285717,default
PAPER-623,2025-06-23 14:00:00+00:00,EURUSD,0.0,default
PAPER-624,2025-06-23 17:00:00+00:00,EURUSD,-34.4409863785709,default
PAPER-625,2025-06-23 17:00:00+00:00,EURUSD,0.0,default
PAPER-626,2025-06-23 23:00:00+00:00,EURUSD,-39.798216749999675,default
PAPER-627,2025-06-23 23:00:00+00:00,EURUSD,0.0,default
PAPER-628,2025-06-24 04:00:00+00:00,EURUSD,-9.623214000000718,default
PAPER-629,2025-06-24 05:00:00+00:00,EURUSD,0.0,default
PAPER-630,2025-06-24 07:00:00+00:00,EURUSD,-26.051742771428433,default
PAPER-631,2025-06-24 07:00:00+00:00,EURUSD,0.0,default
PAPER-632,2025-06-24 14:00:00+00:00,EURUSD,45.412439214286785,default
PAPER-633,2025-06-24 14:00:00+00:00,EURUSD,0.0,default
PAPER-634,2025-06-25 23:00:00+00:00,EURUSD,59.36236051428491,default
PAPER-635,2025-06-25 23:00:00+00:00,EURUSD,0.0,default
PAPER-636,2025-06-26 08:00:00+00:00,EURUSD,42.64797502857088,default
PAPER-637,2025-06-26 08:00:00+00:00,EURUSD,0.0,default
PAPER-638,2025-06-26 11:00:00+00:00,EURUSD,-26.523403800000413,default
PAPER-639,2025-06-26 11:00:00+00:00,EURUSD,0.0,default
PAPER-640,2025-06-27 13:00:00+00:00,EURUSD,57.75506487142771,default
PAPER-641,2025-06-27 13:00:00+00:00,EURUSD,0.0,default
PAPER-642,2025-06-27 17:00:00+00:00,EURUSD,-30.26268303571493,default
PAPER-643,2025-06-27 17:00:00+00:00,EURUSD,0.0,default
PAPER-644,2025-06-30 15:00:00+00:00,EURUSD,65.59789152857024,default
PAPER-645,2025-06-30 15:00:00+00:00,EURUSD,0.0,default
PAPER-646,2025-07-01 09:00:00+00:00,EURUSD,55.52634769999977,default
PAPER-647,2025-07-01 09:00:00+00:00,EURUSD,0.0,default
PAPER-648,2025-07-01 14:00:00+00:00,EURUSD,-24.712864935714094,default
PAPER-649,2025-07-01 14:00:00+00:00,EURUSD,0.0,default
PAPER-650,2025-07-02 11:00:00+00:00,EURUSD,-28.98778858571435,default
PAPER-651,2025-07-02 11:00:00+00:00,EURUSD,0.0,default
PAPER-652,2025-07-02 12:00:00+00:00,EURUSD,36.6692827571428,default
PAPER-653,2025-07-02 12:00:00+00:00,EURUSD,0.0,default
PAPER-654,2025-07-02 19:00:00+00:00,EURUSD,44.46925355714283,default
PAPER-655,2025-07-02 19:00:00+00:00,EURUSD,0.0,default
PAPER-656,2025-07-03 12:00:00+00:00,EURUSD,-26.234268064286297,default
PAPER-657,2025-07-03 12:00:00+00:00,EURUSD,0.0,default
PAPER-658,2025-07-03 14:00:00+00:00,EURUSD,43.44072058571164,default
PAPER-659,2025-07-03 14:00:00+00:00,EURUSD,0.0,default
PAPER-660,2025-07-07 08:00:00+00:00,EURUSD,-30.134161864285197,default
PAPER-661,2025-07-07 08:00:00+00:00,EURUSD,0.0,default
PAPER-662,2025-07-07 16:00:00+00:00,EURUSD,-18.123413800000893,default
PAPER-663,2025-07-07 16:00:00+00:00,EURUSD,0.0,default
PAPER-664,2025-07-08 00:00:00+00:00,EURUSD,48.305084571427976,default
PAPER-665,2025-07-08 00:00:00+00:00,EURUSD,0.0,default
PAPER-666,2025-07-08 07:00:00+00:00,EURUSD,15.376481000000968,default
PAPER-667,2025-07-08 08:00:00+00:00,EURUSD,0.0,default
PAPER-668,2025-07-08 13:00:00+00:00,EURUSD,37.65515018571275,default
PAPER-669,2025-07-08 13:00:00+00:00,EURUSD,0.0,default
PAPER-670,2025-07-08 18:00:00+00:00,EURUSD,-22.86988326428519,default
PAPER-671,2025-07-08 18:00:00+00:00,EURUSD,0.0,default
PAPER-672,2025-07-10 14:00:00+00:00,EURUSD,50.919509828571464,default
PAPER-673,2025-07-10 14:00:00+00:00,EURUSD,0.0,default
PAPER-674,2025-07-10 19:00:00+00:00,EURUSD,-19.205539821429415,default
PAPER-675,2025-07-10 19:00:00+00:00,EURUSD,0.0,default
PAPER-676,2025-07-14 06:00:00+00:00,EURUSD,39.79811841428648,default
PAPER-677,2025-07-14 06:00:00+00:00,EURUSD,0.0,default
PAPER-678,2025-07-14 07:00:00+00:00,EURUSD,-22.130512871427484,default
PAPER-679,2025-07-14 07:00:00+00:00,EURUSD,0.0,default
PAPER-680,2025-07-15 13:00:00+00:00,EURUSD,45.583863871426,default
PAPER-681,2025-07-15 13:00:00+00:00,EURUSD,0.0,default
PAPER-682,2025-07-15 16:00:00+00:00,EURUSD,42.69108614285847,default
PAPER-683,2025-07-15 16:00:00+00:00,EURUSD,0.0,default
PAPER-684,2025-07-16 06:00:00+00:00,EURUSD,-27.016102128572214,default
PAPER-685,2025-07-16 06:00:00+00:00,EURUSD,0.0,default
PAPER-686,2025-07-16 11:00:00+00:00,EURUSD,21.198216814286756,default
PAPER-687,2025-07-16 11:00:00+00:00,EURUSD,0.0,default
PAPER-688,2025-07-16 13:00:00+00:00,EURUSD,29.083995471428935,default
PAPER-689,2025-07-16 13:00:00+00:00,EURUSD,0.0,default
PAPER-690,2025-07-16 14:00:00+00:00,EURUSD,-21.00532862142789,default
PAPER-691,2025-07-16 14:00:00+00:00,EURUSD,0.0,default
PAPER-692,2025-07-16 15:00:00+00:00,EURUSD,-24.49823314999936,default
PAPER-693,2025-07-16 15:00:00+00:00,EURUSD,0.0,default
PAPER-694,2025-07-18 13:00:00+00:00,EURUSD,-37.39833134999949,default
PAPER-695,2025-07-18 13:00:00+00:00,EURUSD,0.0,default
PAPER-696,2025-07-18 16:00:00+00:00,EURUSD,33.776735599999384,default
PAPER-697,2025-07-18 16:00:00+00:00,EURUSD,0.0,default
PAPER-698,2025-07-21 08:00:00+00:00,EURUSD,-21.284012607142095,default
PAPER-699,2025-07-21 08:00:00+00:00,EURUSD,0.0,default
PAPER-700,2025-07-21 11:00:00+00:00,EURUSD,-16.141172378570914,default
PAPER-701,2025-07-21 11:00:00+00:00,EURUSD,0.0,default
PAPER-702,2025-07-21 14:00:00+00:00,EURUSD,-18.519799564285556,default
PAPER-703,2025-07-21 14:00:00+00:00,EURUSD,0.0,default
PAPER-704,2025-07-21 15:00:00+00:00,EURUSD,-20.234146507141876,default
PAPER-705,2025-07-21 15:00:00+00:00,EURUSD,0.0,default
PAPER-706,2025-07-22 07:00:00+00:00,EURUSD,17.376626599998527,default
PAPER-707,2025-07-22 08:00:00+00:00,EURUSD,0.0,default
PAPER-708,2025-07-22 12:00:00+00:00,EURUSD,-13.259086214284558,default
PAPER-709,2025-07-22 12:00:00+00:00,EURUSD,0.0,default
PAPER-710,2025-07-22 14:00:00+00:00,EURUSD,31.18369784285572,default
PAPER-711,2025-07-22 14:00:00+00:00,EURUSD,0.0,default
PAPER-712,2025-07-23 17:00:00+00:00,EURUSD,40.63361574285768,default
PAPER-713,2025-07-23 17:00:00+00:00,EURUSD,0.0,default
PAPER-714,2025-07-24 12:00:00+00:00,EURUSD,-24.20918691428524,default
PAPER-715,2025-07-24 12:00:00+00:00,EURUSD,0.0,default
PAPER-716,2025-07-24 13:00:00+00:00,EURUSD,34.03360114285885,default
PAPER-717,2025-07-24 13:00:00+00:00,EURUSD,0.0,default
PAPER-718,2025-07-24 20:00:00+00:00,EURUSD,-22.43064224285802,default
PAPER-719,2025-07-24 20:00:00+00:00,EURUSD,0.0,default
PAPER-720,2025-07-25 11:00:00+00:00,EURUSD,-28.023443599999137,default
PAPER-721,2025-07-25 11:00:00+00:00,EURUSD,0.0,default
PAPER-722,2025-07-27 21:00:00+00:00,EURUSD,37.355053271427295,default
PAPER-723,2025-07-27 21:00:00+00:00,EURUSD,0.0,default
PAPER-724,2025-07-28 05:00:00+00:00,EURUSD,-22.312766535713916,default
PAPER-725,2025-07-28 05:00:00+00:00,EURUSD,0.0,default
PAPER-726,2025-07-28 06:00:00+00:00,EURUSD,-18.68058854285788,default
PAPER-727,2025-07-28 06:00:00+00:00,EURUSD,0.0,default
PAPER-728,2025-07-28 07:00:00+00:00,EURUSD,-21.15554459285744,default
PAPER-729,2025-07-28 07:00:00+00:00,EURUSD,0.0,default
PAPER-730,2025-07-28 11:00:00+00:00,EURUSD,-25.71972857857181,default
PAPER-731,2025-07-28 11:00:00+00:00,EURUSD,0.0,default
PAPER-732,2025-07-28 15:00:00+00:00,EURUSD,-28.99824584999997,default
PAPER-733,2025-07-28 15:00:00+00:00,EURUSD,0.0,default
PAPER-734,2025-07-29 04:00:00+00:00,EURUSD,-33.19815264999862,default
PAPER-735,2025-07-29 04:00:00+00:00,EURUSD,0.0,default
PAPER-736,2025-07-29 06:00:00+00:00,EURUSD,34.74117904285523,default
PAPER-737,2025-07-29 06:00:00+00:00,EURUSD,0.0,default
PAPER-738,2025-07-29 07:00:00+00:00,EURUSD,-21.037394342856192,default
PAPER-739,2025-07-29 07:00:00+00:00,EURUSD,0.0,default
PAPER-740,2025-07-29 09:00:00+00:00,EURUSD,-22.6874394428559,default
PAPER-741,2025-07-29 09:00:00+00:00,EURUSD,0.0,default
PAPER-742,2025-07-29 12:00:00+00:00,EURUSD,48.02694409999726,default
PAPER-743,2025-07-29 12:00:00+00:00,EURUSD,0.0,default
PAPER-744,2025-07-29 17:00:00+00:00,EURUSD,-30.605252821428607,default
PAPER-745,2025-07-29 17:00:00+00:00,EURUSD,0.0,default
PAPER-746,2025-07-30 12:00:00+00:00,EURUSD,70.69848821428464,default
PAPER-747,2025-07-30 12:00:00+00:00,EURUSD,0.0,default
PAPER-748,2025-07-30 18:00:00+00:00,EURUSD,-27.358713757143036,default
PAPER-749,2025-07-30 18:00:00+00:00,EURUSD,0.0,default
PAPER-750,2025-07-31 06:00:00+00:00,EURUSD,-37.515779528572175,default
PAPER-751,2025-07-31 06:00:00+00:00,EURUSD,0.0,default
PAPER-752,2025-08-01 09:00:00+00:00,EURUSD,61.69863621428785,default
PAPER-753,2025-08-01 09:00:00+00:00,EURUSD,0.0,default
PAPER-754,2025-08-01 11:00:00+00:00,EURUSD,-20.64069937857153,default
PAPER-755,2025-08-01 11:00:00+00:00,EURUSD,0.0,default
PAPER-756,2025-08-01 12:00:00+00:00,EURUSD,-22.95499652142956,default
PAPER-757,2025-08-01 12:00:00+00:00,EURUSD,0.0,default
PAPER-758,2025-08-01 14:00:00+00:00,EURUSD,-40.0338837071428,default
PAPER-759,2025-08-01 14:00:00+00:00,EURUSD,0.0,default
PAPER-760,2025-08-06 05:00:00+00:00,EURUSD,-24.32315920000154,default
PAPER-761,2025-08-06 06:00:00+00:00,EURUSD,0.0,default
PAPER-762,2025-08-06 10:00:00+00:00,EURUSD,25.16250531428513,default
PAPER-763,2025-08-06 10:00:00+00:00,EURUSD,0.0,default
PAPER-764,2025-08-06 15:00:00+00:00,EURUSD,31.99814892856995,default
PAPER-765,2025-08-06 15:00:00+00:00,EURUSD,0.0,default
PAPER-766,2025-08-07 08:00:00+00:00,EURUSD,45.96947135714156,default
PAPER-767,2025-08-07 08:00:00+00:00,EURUSD,0.0,default
PAPER-768,2025-08-07 10:00:00+00:00,EURUSD,-18.016188157142413,default
PAPER-769,2025-08-07 10:00:00+00:00,EURUSD,0.0,default
PAPER-770,2025-08-07 11:00:00+00:00,EURUSD,-18.369733878572507,default
PAPER-771,2025-08-07 11:00:00+00:00,EURUSD,0.0,default
PAPER-772,2025-08-07 14:00:00+00:00,EURUSD,-22.323245999999543,default
PAPER-773,2025-08-07 14:00:00+00:00,EURUSD,0.0,default
PAPER-774,2025-08-11 14:00:00+00:00,EURUSD,-28.2803365428586,default
PAPER-775,2025-08-11 14:00:00+00:00,EURUSD,0.0,default
PAPER-776,2025-08-12 12:00:00+00:00,EURUSD,42.26243671428613,default
PAPER-777,2025-08-12 12:00:00+00:00,EURUSD,0.0,default
PAPER-778,2025-08-12 13:00:00+00:00,EURUSD,-21.73395706428568,default
PAPER-779,2025-08-12 13:00:00+00:00,EURUSD,0.0,default
PAPER-780,2025-08-13 07:00:00+00:00,EURUSD,51.112306214286384,default
PAPER-781,2025-08-13 07:00:00+00:00,EURUSD,0.0,default
PAPER-782,2025-08-13 13:00:00+00:00,EURUSD,-16.366241857142708,default
PAPER-783,2025-08-13 13:00:00+00:00,EURUSD,0.0,default
PAPER-784,2025-08-14 06:00:00+00:00,EURUSD,-21.069797078572435,default
PAPER-785,2025-08-14 06:00:00+00:00,EURUSD,0.0,default
PAPER-786,2025-08-14 08:00:00+00:00,EURUSD,-12.49834685000068,default
PAPER-787,2025-08-14 08:00:00+00:00,EURUSD,0.0,default
PAPER-788,2025-08-14 10:00:00+00:00,EURUSD,26.212323814285348,default
PAPER-789,2025-08-14 10:00:00+00:00,EURUSD,0.0,default
PAPER-790,2025-08-14 12:00:00+00:00,EURUSD,-16.37693112142833,default
PAPER-791,2025-08-14 12:00:00+00:00,EURUSD,0.0,default
PAPER-792,2025-08-14 14:00:00+00:00,EURUSD,-21.47685772142844,default
PAPER-793,2025-08-14 14:00:00+00:00,EURUSD,0.0,default
PAPER-794,2025-08-14 16:00:00+00:00,EURUSD,-25.869700078570578,default
PAPER-795,2025-08-14 16:00:00+00:00,EURUSD,0.0,default
PAPER-796,2025-08-15 09:00:00+00:00,EURUSD,53.59805112857157,default
PAPER-797,2025-08-15 09:00:00+00:00,EURUSD,0.0,default
PAPER-798,2025-08-15 12:00:00+00:00,EURUSD,-12.401923471427828,default
PAPER-799,2025-08-15 12:00:00+00:00,EURUSD,0.0,default
PAPER-800,2025-08-18 08:00:00+00:00,EURUSD,-16.04478632857171,default
PAPER-801,2025-08-18 08:00:00+00:00,EURUSD,0.0,default
PAPER-802,2025-08-18 12:00:00+00:00,EURUSD,-15.959047614286703,default
PAPER-803,2025-08-18 12:00:00+00:00,EURUSD,0.0,default
PAPER-804,2025-08-18 16:00:00+00:00,EURUSD,-18.166175457143396,default
PAPER-805,2025-08-18 16:00:00+00:00,EURUSD,0.0,default
PAPER-806,2025-08-19 01:00:00+00:00,EURUSD,-20.030420242857844,default
PAPER-807,2025-08-19 01:00:00+00:00,EURUSD,0.0,default
PAPER-808,2025-08-19 10:00:00+00:00,EURUSD,35.76948535714356,default
PAPER-809,2025-08-19 10:00:00+00:00,EURUSD,0.0,default
PAPER-810,2025-08-19 13:00:00+00:00,EURUSD,-18.86262703571352,default
PAPER-811,2025-08-19 13:00:00+00:00,EURUSD,0.0,default
PAPER-812,2025-08-19 16:00:00+00:00,EURUSD,-20.42688482142822,default
PAPER-813,2025-08-19 16:00:00+00:00,EURUSD,0.0,default
PAPER-814,2025-08-20 00:00:00+00:00,EURUSD,-19.74113170714372,default
PAPER-815,2025-08-20 00:00:00+00:00,EURUSD,0.0,default
PAPER-816,2025-08-20 02:00:00+00:00,EURUSD,-15.541105307142852,default
PAPER-817,2025-08-20 02:00:00+00:00,EURUSD,0.0,default
PAPER-818,2025-08-20 04:00:00+00:00,EURUSD,6.5767326000010495,default
PAPER-819,2025-08-20 05:00:00+00:00,EURUSD,0.0,default
PAPER-820,2025-08-20 10:00:00+00:00,EURUSD,-13.034017907143555,default
PAPER-821,2025-08-20 10:00:00+00:00,EURUSD,0.0,default
PAPER-822,2025-08-20 12:00:00+00:00,EURUSD,-16.77332610000093,default
PAPER-823,2025-08-20 12:00:00+00:00,EURUSD,0.0,default
PAPER-824,2025-08-21 06:00:00+00:00,EURUSD,37.93387797142918,default
PAPER-825,2025-08-21 06:00:00+00:00,EURUSD,0.0,default
PAPER-826,2025-08-21 07:00:00+00:00,EURUSD,-14.426858635714597,default
PAPER-827,2025-08-21 07:00:00+00:00,EURUSD,0.0,default
PAPER-828,2025-08-21 13:00:00+00:00,EURUSD,31.63389037142788,default
PAPER-829,2025-08-21 13:00:00+00:00,EURUSD,0.0,default
PAPER-830,2025-08-22 14:00:00+00:00,EURUSD,-22.741143178571964,default
PAPER-831,2025-08-22 14:00:00+00:00,EURUSD,0.0,default
PAPER-832,2025-08-25 16:00:00+00:00,EURUSD,55.89096254285612,default
PAPER-833,2025-08-25 16:00:00+00:00,EURUSD,0.0,default
PAPER-834,2025-08-25 19:00:00+00:00,EURUSD,43.65535058571432,default
PAPER-835,2025-08-25 19:00:00+00:00,EURUSD,0.0,default
PAPER-836,2025-08-26 00:00:00+00:00,EURUSD,-27.262558192858116,default
PAPER-837,2025-08-26 00:00:00+00:00,EURUSD,0.0,default
PAPER-838,2025-08-26 05:00:00+00:00,EURUSD,5.2767161999991945,default
PAPER-839,2025-08-26 06:00:00+00:00,EURUSD,0.0,default
PAPER-840,2025-08-27 00:00:00+00:00,EURUSD,13.376727399998968,default
PAPER-841,2025-08-27 01:00:00+00:00,EURUSD,0.0,default
PAPER-842,2025-08-27 07:00:00+00:00,EURUSD,36.06966292857188,default
PAPER-843,2025-08-27 07:00:00+00:00,EURUSD,0.0,default
PAPER-844,2025-08-27 16:00:00+00:00,EURUSD,-16.558952957143337,default
PAPER-845,2025-08-27 16:00:00+00:00,EURUSD,0.0,default
PAPER-846,2025-08-28 10:00:00+00:00,EURUSD,-25.987612642857535,default
PAPER-847,2025-08-28 10:00:00+00:00,EURUSD,0.0,default
PAPER-848,2025-08-28 12:00:00+00:00,EURUSD,-16.34480301428574,default
PAPER-849,2025-08-28 12:00:00+00:00,EURUSD,0.0,default
PAPER-850,2025-08-28 16:00:00+00:00,EURUSD,-19.516233928571932,default
PAPER-851,2025-08-28 16:00:00+00:00,EURUSD,0.0,default
PAPER-852,2025-08-29 10:00:00+00:00,EURUSD,20.3766631999982,default
PAPER-853,2025-08-29 11:00:00+00:00,EURUSD,0.0,default
PAPER-854,2025-08-29 14:00:00+00:00,EURUSD,30.69089648571471,default
PAPER-855,2025-08-29 14:00:00+00:00,EURUSD,0.0,default
PAPER-856,2025-08-29 20:00:00+00:00,EURUSD,-21.17693932142869,default
PAPER-857,2025-08-29 20:00:00+00:00,EURUSD,0.0,default
PAPER-858,2025-09-01 06:00:00+00:00,EURUSD,42.64797022857088,default
PAPER-859,2025-09-01 06:00:00+00:00,EURUSD,0.0,default
PAPER-860,2025-09-01 12:00:00+00:00,EURUSD,-15.55199217142848,default
PAPER-861,2025-09-01 12:00:00+00:00,EURUSD,0.0,default
PAPER-862,2025-09-02 04:00:00+00:00,EURUSD,-18.980521342857624,default
PAPER-863,2025-09-02 04:00:00+00:00,EURUSD,0.0,default
PAPER-864,2025-09-02 07:00:00+00:00,EURUSD,-11.309079914285103,default
PAPER-865,2025-09-02 07:00:00+00:00,EURUSD,0.0,default
PAPER-866,2025-09-02 09:00:00+00:00,EURUSD,-17.87682952142928,default
PAPER-867,2025-09-02 09:00:00+00:00,EURUSD,0.0,default
PAPER-868,2025-09-02 12:00:00+00:00,EURUSD,-21.766090257142555,default
PAPER-869,2025-09-02 12:00:00+00:00,EURUSD,0.0,default
PAPER-870,2025-09-02 14:00:00+00:00,EURUSD,55.39808192857003,default
PAPER-871,2025-09-02 14:00:00+00:00,EURUSD,0.0,default
PAPER-872,2025-09-02 18:00:00+00:00,EURUSD,-34.03397246428633,default
PAPER-873,2025-09-02 18:00:00+00:00,EURUSD,0.0,default
PAPER-874,2025-09-03 16:00:00+00:00,EURUSD,40.47665079999887,default
PAPER-875,2025-09-03 17:00:00+00:00,EURUSD,0.0,default
PAPER-876,2025-09-05 09:00:00+00:00,EURUSD,-26.11623012857298,default
PAPER-877,2025-09-05 09:00:00+00:00,EURUSD,0.0,default
PAPER-878,2025-09-05 12:00:00+00:00,EURUSD,-13.419829764285453,default
PAPER-879,2025-09-05 12:00:00+00:00,EURUSD,0.0,default
PAPER-880,2025-09-05 13:00:00+00:00,EURUSD,-15.923499199999805,default
PAPER-881,2025-09-05 14:00:00+00:00,EURUSD,0.0,default
PAPER-882,2025-09-07 22:00:00+00:00,EURUSD,-27.530562442858127,default
PAPER-883,2025-09-07 22:00:00+00:00,EURUSD,0.0,default
PAPER-884,2025-09-08 23:00:00+00:00,EURUSD,61.26932115714187,default
PAPER-885,2025-09-08 23:00:00+00:00,EURUSD,0.0,default
PAPER-886,2025-09-09 07:00:00+00:00,EURUSD,-17.973502699999912,default
PAPER-887,2025-09-09 07:00:00+00:00,EURUSD,0.0,default
PAPER-888,2025-09-09 12:00:00+00:00,EURUSD,-17.341329107143544,default
PAPER-889,2025-09-09 12:00:00+00:00,EURUSD,0.0,default
PAPER-890,2025-09-09 15:00:00+00:00,EURUSD,-21.39129100714343,default
PAPER-891,2025-09-09 15:00:00+00:00,EURUSD,0.0,default
PAPER-892,2025-09-09 23:00:00+00:00,EURUSD,-25.64482312857243,default
PAPER-893,2025-09-09 23:00:00+00:00,EURUSD,0.0,default
PAPER-894,2025-09-11 09:00:00+00:00,EURUSD,-21.59479162857032,default
PAPER-895,2025-09-11 09:00:00+00:00,EURUSD,0.0,default
PAPER-896,2025-09-11 12:00:00+00:00,EURUSD,-13.07691852142892,default
PAPER-897,2025-09-11 12:00:00+00:00,EURUSD,0.0,default
PAPER-898,2025-09-15 10:00:00+00:00,EURUSD,37.46220751428577,default
PAPER-899,2025-09-15 10:00:00+00:00,EURUSD,0.0,default
PAPER-900,2025-09-16 03:00:00+00:00,EURUSD,28.41929325714204,default
PAPER-901,2025-09-16 03:00:00+00:00,EURUSD,0.0,default
PAPER-902,2025-09-16 09:00:00+00:00,EURUSD,28.697809328572752,default
PAPER-903,2025-09-16 09:00:00+00:00,EURUSD,0.0,default
PAPER-904,2025-09-16 12:00:00+00:00,EURUSD,-16.120025978573313,default
PAPER-905,2025-09-16 12:00:00+00:00,EURUSD,0.0,default
PAPER-906,2025-09-16 14:00:00+00:00,EURUSD,38.38345484285848,default
PAPER-907,2025-09-16 14:00:00+00:00,EURUSD,0.0,default
PAPER-908,2025-09-17 18:00:00+00:00,EURUSD,-24.873655300000703,default
PAPER-909,2025-09-17 18:00:00+00:00,EURUSD,0.0,default
PAPER-910,2025-09-17 20:00:00+00:00,EURUSD,-26.86647345714266,default
PAPER-911,2025-09-17 20:00:00+00:00,EURUSD,0.0,default
PAPER-912,2025-09-18 06:00:00+00:00,EURUSD,-31.355706992857648,default
PAPER-913,2025-09-18 06:00:00+00:00,EURUSD,0.0,default
PAPER-914,2025-09-18 13:00:00+00:00,EURUSD,-32.780667742857,default
PAPER-915,2025-09-18 13:00:00+00:00,EURUSD,0.0,default
PAPER-916,2025-09-19 11:00:00+00:00,EURUSD,-32.0627574357134,default
PAPER-917,2025-09-19 11:00:00+00:00,EURUSD,0.0,default
PAPER-918,2025-09-22 10:00:00+00:00,EURUSD,39.43358874285647,default
PAPER-919,2025-09-22 10:00:00+00:00,EURUSD,0.0,default
PAPER-920,2025-09-22 11:00:00+00:00,EURUSD,2.77644500000058,default
PAPER-921,2025-09-22 12:00:00+00:00,EURUSD,0.0,default
PAPER-922,2025-09-22 19:00:00+00:00,EURUSD,-17.81288629285616,default
PAPER-923,2025-09-22 19:00:00+00:00,EURUSD,0.0,default
PAPER-924,2025-09-23 01:00:00+00:00,EURUSD,-21.40221278571477,default
PAPER-925,2025-09-23 01:00:00+00:00,EURUSD,0.0,default
PAPER-926,2025-09-23 07:00:00+00:00,EURUSD,31.569291728571265,default
PAPER-927,2025-09-23 07:00:00+00:00,EURUSD,0.0,default
PAPER-928,2025-09-23 08:00:00+00:00,EURUSD,-15.948611850001075,default
PAPER-929,2025-09-23 08:00:00+00:00,EURUSD,0.0,default
PAPER-930,2025-09-23 21:00:00+00:00,EURUSD,-13.123630399999223,default
PAPER-931,2025-09-23 22:00:00+00:00,EURUSD,0.0,default
PAPER-932,2025-09-24 01:00:00+00:00,EURUSD,-18.19859465000027,default
PAPER-933,2025-09-24 01:00:00+00:00,EURUSD,0.0,default
PAPER-934,2025-09-24 07:00:00+00:00,EURUSD,-16.98785358571567,default
PAPER-935,2025-09-24 07:00:00+00:00,EURUSD,0.0,default
PAPER-936,2025-09-24 08:00:00+00:00,EURUSD,-13.891408407143146,default
PAPER-937,2025-09-24 08:00:00+00:00,EURUSD,0.0,default
PAPER-938,2025-09-24 10:00:00+00:00,EURUSD,-15.391371807144091,default
PAPER-939,2025-09-24 10:00:00+00:00,EURUSD,0.0,default
PAPER-940,2025-09-24 13:00:00+00:00,EURUSD,-16.902042871428442,default
PAPER-941,2025-09-24 13:00:00+00:00,EURUSD,0.0,default
PAPER-942,2025-09-24 21:00:00+00:00,EURUSD,-0.6234773999994898,default
PAPER-943,2025-09-24 22:00:00+00:00,EURUSD,0.0,default
PAPER-944,2025-09-25 12:00:00+00:00,EURUSD,31.055145385713924,default
PAPER-945,2025-09-25 12:00:00+00:00,EURUSD,0.0,default
PAPER-946,2025-09-25 17:00:00+00:00,EURUSD,39.969542328573006,default
PAPER-947,2025-09-25 17:00:00+00:00,EURUSD,0.0,default
PAPER-948,2025-09-26 06:00:00+00:00,EURUSD,-27.712654892856623,default
PAPER-949,2025-09-26 06:00:00+00:00,EURUSD,0.0,default
PAPER-950,2025-09-26 13:00:00+00:00,EURUSD,-15.91624712857055,default
PAPER-951,2025-09-26 13:00:00+00:00,EURUSD,0.0,default
PAPER-952,2025-09-26 14:00:00+00:00,EURUSD,-19.162691392858346,default
PAPER-953,2025-09-26 14:00:00+00:00,EURUSD,0.0,default
PAPER-954,2025-09-28 23:00:00+00:00,EURUSD,-19.976992335715423,default
PAPER-955,2025-09-28 23:00:00+00:00,EURUSD,0.0,default
PAPER-956,2025-09-29 00:00:00+00:00,EURUSD,-18.316302328570732,default
PAPER-957,2025-09-29 00:00:00+00:00,EURUSD,0.0,default
PAPER-958,2025-09-29 12:00:00+00:00,EURUSD,-18.23062107142858,default
PAPER-959,2025-09-29 12:00:00+00:00,EURUSD,0.0,default
PAPER-960,2025-10-01 06:00:00+00:00,EURUSD,-20.330682071429017,default
PAPER-961,2025-10-01 06:00:00+00:00,EURUSD,0.0,default
PAPER-962,2025-10-01 09:00:00+00:00,EURUSD,32.340816242855055,default
PAPER-963,2025-10-01 09:00:00+00:00,EURUSD,0.0,default
PAPER-964,2025-10-01 12:00:00+00:00,EURUSD,-21.92707983571488,default
PAPER-965,2025-10-01 12:00:00+00:00,EURUSD,0.0,default
PAPER-966,2025-10-02 15:00:00+00:00,EURUSD,54.17661139999981,default
PAPER-967,2025-10-02 15:00:00+00:00,EURUSD,0.0,default
PAPER-968,2025-10-02 17:00:00+00:00,EURUSD,-21.284148607142093,default
PAPER-969,2025-10-02 17:00:00+00:00,EURUSD,0.0,default
PAPER-970,2025-10-03 08:00:00+00:00,EURUSD,-23.05204328571448,default
PAPER-971,2025-10-03 08:00:00+00:00,EURUSD,0.0,default
PAPER-972,2025-10-03 14:00:00+00:00,EURUSD,-14.212793092857,default
PAPER-973,2025-10-03 14:00:00+00:00,EURUSD,0.0,default
PAPER-974,2025-10-05 22:00:00+00:00,EURUSD,23.07656600000034,default
PAPER-975,2025-10-05 23:00:00+00:00,EURUSD,0.0,default
PAPER-976,2025-10-06 06:00:00+00:00,EURUSD,-18.916244757141648,default
PAPER-977,2025-10-06 06:00:00+00:00,EURUSD,0.0,default
PAPER-978,2025-10-06 07:00:00+00:00,EURUSD,-18.33763768571563,default
PAPER-979,2025-10-06 07:00:00+00:00,EURUSD,0.0,default
PAPER-980,2025-10-06 08:00:00+00:00,EURUSD,3.476666000000725,default
PAPER-981,2025-10-06 09:00:00+00:00,EURUSD,0.0,default
PAPER-982,2025-10-06 13:00:00+00:00,EURUSD,-24.959095557142856,default
PAPER-983,2025-10-06 13:00:00+00:00,EURUSD,0.0,default
PAPER-984,2025-10-08 01:00:00+00:00,EURUSD,52.63385037142778,default
PAPER-985,2025-10-08 01:00:00+00:00,EURUSD,0.0,default
PAPER-986,2025-10-08 13:00:00+00:00,EURUSD,-16.955428521428,default
PAPER-987,2025-10-08 13:00:00+00:00,EURUSD,0.0,default
PAPER-988,2025-10-09 14:00:00+00:00,EURUSD,43.63396797142656,default
PAPER-989,2025-10-09 14:00:00+00:00,EURUSD,0.0,default
PAPER-990,2025-10-10 15:00:00+00:00,EURUSD,-22.998206550000635,default
PAPER-991,2025-10-10 15:00:00+00:00,EURUSD,0.0,default
PAPER-992,2025-10-13 11:00:00+00:00,EURUSD,45.241152242855186,default
PAPER-993,2025-10-13 11:00:00+00:00,EURUSD,0.0,default
PAPER-994,2025-10-14 04:00:00+00:00,EURUSD,-23.48032517142967,default
PAPER-995,2025-10-14 04:00:00+00:00,EURUSD,0.0,default
PAPER-996,2025-10-14 06:00:00+00:00,EURUSD,26.834013971427517,default
PAPER-997,2025-10-14 06:00:00+00:00,EURUSD,0.0,default
PAPER-998,2025-10-14 14:00:00+00:00,EURUSD,-15.85174208571394,default
PAPER-999,2025-10-14 14:00:00+00:00,EURUSD,0.0,default
PAPER-1000,2025-10-15 01:00:00+00:00,EURUSD,-25.901809985713165,default
PAPER-1001,2025-10-15 01:00:00+00:00,EURUSD,0.0,default
PAPER-1002,2025-10-15 06:00:00+00:00,EURUSD,-20.4054206214284,default
PAPER-1003,2025-10-15 06:00:00+00:00,EURUSD,0.0,default
PAPER-1004,2025-10-15 15:00:00+00:00,EURUSD,-13.95543772142833,default
PAPER-1005,2025-10-15 15:00:00+00:00,EURUSD,0.0,default
PAPER-1006,2025-10-16 00:00:00+00:00,EURUSD,-21.40188698571477,default
PAPER-1007,2025-10-16 00:00:00+00:00,EURUSD,0.0,default
PAPER-1008,2025-10-16 10:00:00+00:00,EURUSD,6.276687599999084,default
PAPER-1009,2025-10-16 11:00:00+00:00,EURUSD,0.0,default
PAPER-1010,2025-10-16 17:00:00+00:00,EURUSD,31.933769542856194,default
PAPER-1011,2025-10-16 17:00:00+00:00,EURUSD,0.0,default
PAPER-1012,2025-10-17 12:00:00+00:00,EURUSD,-20.79119340714172,default
PAPER-1013,2025-10-17 12:00:00+00:00,EURUSD,0.0,default
PAPER-1014,2025-10-17 20:00:00+00:00,EURUSD,-22.97688012142938,default
PAPER-1015,2025-10-17 20:00:00+00:00,EURUSD,0.0,default
PAPER-1016,2025-10-21 05:00:00+00:00,EURUSD,-22.69825825000089,default
PAPER-1017,2025-10-21 05:00:00+00:00,EURUSD,0.0,default
PAPER-1018,2025-10-21 08:00:00+00:00,EURUSD,-12.60536969285694,default
PAPER-1019,2025-10-21 08:00:00+00:00,EURUSD,0.0,default
PAPER-1020,2025-10-21 10:00:00+00:00,EURUSD,-14.041072907141908,default
PAPER-1021,2025-10-21 10:00:00+00:00,EURUSD,0.0,default
PAPER-1022,2025-10-21 12:00:00+00:00,EURUSD,-15.594634828570982,default
PAPER-1023,2025-10-21 12:00:00+00:00,EURUSD,0.0,default
PAPER-1024,2025-10-22 08:00:00+00:00,EURUSD,-18.273187299999655,default
PAPER-1025,2025-10-22 08:00:00+00:00,EURUSD,0.0,default
PAPER-1026,2025-10-22 09:00:00+00:00,EURUSD,-4.423187799999959,default
PAPER-1027,2025-10-22 10:00:00+00:00,EURUSD,0.0,default
PAPER-1028,2025-10-22 13:00:00+00:00,EURUSD,-12.76605282857212,default
PAPER-1029,2025-10-22 13:00:00+00:00,EURUSD,0.0,default
PAPER-1030,2025-10-22 14:00:00+00:00,EURUSD,-15.14464741428676,default
PAPER-1031,2025-10-22 14:00:00+00:00,EURUSD,0.0,default
PAPER-1032,2025-10-24 07:00:00+00:00,EURUSD,-16.301824985714667,default
PAPER-1033,2025-10-24 07:00:00+00:00,EURUSD,0.0,default
PAPER-1034,2025-10-24 12:00:00+00:00,EURUSD,-11.801830385714052,default
PAPER-1035,2025-10-24 12:00:00+00:00,EURUSD,0.0,default
PAPER-1036,2025-10-27 12:00:00+00:00,EURUSD,-17.769731264285085,default
PAPER-1037,2025-10-27 12:00:00+00:00,EURUSD,0.0,default
PAPER-1038,2025-10-28 00:00:00+00:00,EURUSD,-15.605455421428037,default
PAPER-1039,2025-10-28 00:00:00+00:00,EURUSD,0.0,default
PAPER-1040,2025-10-28 10:00:00+00:00,EURUSD,-9.82332979999981,default
PAPER-1041,2025-10-28 11:00:00+00:00,EURUSD,0.0,default
PAPER-1042,2025-10-28 12:00:00+00:00,EURUSD,-15.101861071429973,default
PAPER-1043,2025-10-28 12:00:00+00:00,EURUSD,0.0,default
PAPER-1044,2025-10-29 08:00:00+00:00,EURUSD,-17.233961664287285,default
PAPER-1045,2025-10-29 08:00:00+00:00,EURUSD,0.0,default
PAPER-1046,2025-10-29 10:00:00+00:00,EURUSD,23.083848642855948,default
PAPER-1047,2025-10-29 10:00:00+00:00,EURUSD,0.0,default
PAPER-1048,2025-10-29 11:00:00+00:00,EURUSD,-14.812552335713631,default
PAPER-1049,2025-10-29 11:00:00+00:00,EURUSD,0.0,default
PAPER-1050,2025-10-29 18:00:00+00:00,EURUSD,-16.248248549998603,default
PAPER-1051,2025-10-29 18:00:00+00:00,EURUSD,0.0,default
PAPER-1052,2025-10-30 12:00:00+00:00,EURUSD,-27.840992107141275,default
PAPER-1053,2025-10-30 12:00:00+00:00,EURUSD,0.0,default
PAPER-1054,2025-10-30 18:00:00+00:00,EURUSD,11.476865399999843,default
PAPER-1055,2025-10-30 19:00:00+00:00,EURUSD,0.0,default
PAPER-1056,2025-11-03 08:00:00+00:00,EURUSD,49.18411427142739,default
PAPER-1057,2025-11-03 08:00:00+00:00,EURUSD,0.0,default
PAPER-1058,2025-11-03 16:00:00+00:00,EURUSD,-14.673054700000495,default
PAPER-1059,2025-11-03 16:00:00+00:00,EURUSD,0.0,default
PAPER-1060,2025-11-04 01:00:00+00:00,EURUSD,30.71271555714088,default
PAPER-1061,2025-11-04 01:00:00+00:00,EURUSD,0.0,default
PAPER-1062,2025-11-04 06:00:00+00:00,EURUSD,-14.30876185714192,default
PAPER-1063,2025-11-04 06:00:00+00:00,EURUSD,0.0,default
PAPER-1064,2025-11-04 11:00:00+00:00,EURUSD,23.427001500000415,default
PAPER-1065,2025-11-04 11:00:00+00:00,EURUSD,0.0,default
PAPER-1066,2025-11-05 10:00:00+00:00,EURUSD,5.177031800000759,default
