sharpe_zero,ann_return_zero,ann_vol_zero,max_drawdown_zero,trades_zero,return_pct_zero,win_rate_zero,rr_zero,expectancy_zero,median_hold_zero,symbol_zero,fast,slow,atr_sl,atr_tp,rsi_long_thresh,rsi_short_thresh,cooldown,trailing_enable_atr_mult,trailing_atr_mult,htf_factor,size_tier_mode,boll_window,boll_enter_z,boll_exit_z,boll_allow_short,source_file_zero,sharpe_real,ann_return_real,ann_vol_real,max_drawdown_real,trades_real,return_pct_real,win_rate_real,rr_real,expectancy_real,median_hold_real,symbol_real,source_file_real,delta_sharpe,delta_ann_return,delta_expectancy
0.2442385232060557,0.0001290359649945,0.0005283194612412,-0.0003199590454277,330,0.0001065386857903,0.503030303030303,1.0328903285083464,0.0645689004789017,0 days 01:00:00,USDJPY,20,120,1.5,4.0,60,40,12,0.5,0.5,4,base,48,1.6,0.2,False,grid_rsi_trailing_diagnostics_usdjpy_zero.csv,-0.4579660057627507,-0.0002426514423862,0.0005298459696415,-0.0004031391524907,330,-0.0002006847730049,0.4727272727272727,1.0288541929353396,-0.1177321840706451,0 days 01:00:00,USDJPY,grid_rsi_trailing_diagnostics_usdjpy_real.csv,-0.7022045289688064,-0.0003716874073807,-0.1823010845495468
0.2442385232060557,0.0001290359649945,0.0005283194612412,-0.0003199590454277,330,0.0001065386857903,0.503030303030303,1.0328903285083464,0.0645689004789017,0 days 01:00:00,USDJPY,20,120,1.5,4.0,60,40,8,0.5,0.5,4,base,48,1.6,0.2,False,grid_rsi_trailing_diagnostics_usdjpy_zero.csv,-0.4579660057627507,-0.0002426514423862,0.0005298459696415,-0.0004031391524907,330,-0.0002006847730049,0.4727272727272727,1.0288541929353396,-0.1177321840706451,0 days 01:00:00,USDJPY,grid_rsi_trailing_diagnostics_usdjpy_real.csv,-0.7022045289688064,-0.0003716874073807,-0.1823010845495468
0.2002609970743928,0.0001026799883014,0.0005127308352676,-0.0003332885818043,330,8.476118794531473e-05,0.503030303030303,1.023704617763985,0.0513704169366526,0 days 01:00:00,USDJPY,20,120,1.5,3.0,60,40,12,0.5,0.5,4,base,48,1.6,0.2,False,grid_rsi_trailing_diagnostics_usdjpy_zero.csv,-0.519097607373832,-0.000267068155878,0.0005144854302627,-0.0004058205890047,330,-0.0002208607743032,0.4727272727272727,1.0198667196465645,-0.1299600576516996,0 days 01:00:00,USDJPY,grid_rsi_trailing_diagnostics_usdjpy_real.csv,-0.7193586044482249,-0.0003697481441794,-0.1813304745883522
0.2002609970743928,0.0001026799883014,0.0005127308352676,-0.0003332885818043,330,8.476118794531473e-05,0.503030303030303,1.023704617763985,0.0513704169366526,0 days 01:00:00,USDJPY,20,120,1.5,3.0,60,40,8,0.5,0.5,4,base,48,1.6,0.2,False,grid_rsi_trailing_diagnostics_usdjpy_zero.csv,-0.519097607373832,-0.000267068155878,0.0005144854302627,-0.0004058205890047,330,-0.0002208607743032,0.4727272727272727,1.0198667196465645,-0.1299600576516996,0 days 01:00:00,USDJPY,grid_rsi_trailing_diagnostics_usdjpy_real.csv,-0.7193586044482249,-0.0003697481441794,-0.1813304745883522
0.0627817187267537,3.721565794401194e-05,0.0005927785778848,-0.0003848816228567,330,3.061546538485338e-05,0.4909090909090909,1.0488348586685634,0.0185548275059244,0 days 01:00:00,USDJPY,20,120,1.3,4.0,60,40,12,0.5,0.5,4,base,48,1.6,0.2,False,grid_rsi_trailing_diagnostics_usdjpy_zero.csv,-0.7786089220882426,-0.0004595712864401,0.000590246622409,-0.0005386220307221,330,-0.0003800196326194,0.4606060606060606,1.021205409948292,-0.2258210987213595,0 days 01:00:00,USDJPY,grid_rsi_trailing_diagnostics_usdjpy_real.csv,-0.8413906408149963,-0.0004967869443841119,-0.2443759262272839
0.0627817187267537,3.721565794401194e-05,0.0005927785778848,-0.0003848816228567,330,3.061546538485338e-05,0.4909090909090909,1.0488348586685634,0.0185548275059244,0 days 01:00:00,USDJPY,20,120,1.3,4.0,60,40,8,0.5,0.5,4,base,48,1.6,0.2,False,grid_rsi_trailing_diagnostics_usdjpy_zero.csv,-0.7786089220882426,-0.0004595712864401,0.000590246622409,-0.0005386220307221,330,-0.0003800196326194,0.4606060606060606,1.021205409948292,-0.2258210987213595,0 days 01:00:00,USDJPY,grid_rsi_trailing_diagnostics_usdjpy_real.csv,-0.8413906408149963,-0.0004967869443841119,-0.2443759262272839
0.0452392825180877,2.2425144380777695e-05,0.000495700708158,-0.0003219711849392,330,1.843403070789229e-05,0.503030303030303,0.9957275559489605,0.0111721398228391,0 days 01:00:00,USDJPY,20,120,1.5,3.0,60,40,12,0.5,0.5,4,base,48,1.6,0.4,False,grid_rsi_trailing_diagnostics_usdjpy_zero.csv,-0.7064657390268774,-0.0003511309319272,0.0004970247140518,-0.0004278092430455,330,-0.000290339640242,0.4727272727272727,0.988902638723444,-0.1720665565730776,0 days 01:00:00,USDJPY,grid_rsi_trailing_diagnostics_usdjpy_real.csv,-0.7517050215449651,-0.0003735560763079777,-0.1832386963959167
0.0452392825180877,2.2425144380777695e-05,0.000495700708158,-0.0003219711849392,330,1.843403070789229e-05,0.503030303030303,0.9957275559489605,0.0111721398228391,0 days 01:00:00,USDJPY,20,120,1.5,3.0,60,40,8,0.5,0.5,4,base,48,1.6,0.4,False,grid_rsi_trailing_diagnostics_usdjpy_zero.csv,-0.7064657390268774,-0.0003511309319272,0.0004970247140518,-0.0004278092430455,330,-0.000290339640242,0.4727272727272727,0.988902638723444,-0.1720665565730776,0 days 01:00:00,USDJPY,grid_rsi_trailing_diagnostics_usdjpy_real.csv,-0.7517050215449651,-0.0003735560763079777,-0.1832386963959167
-0.0253160737217257,-1.4435243305466194e-05,0.0005702007137496,-0.0003848816228569,330,-1.20658662718931e-05,0.4909090909090909,1.0323873063742592,-0.0073126462256451,0 days 01:00:00,USDJPY,20,120,1.3,3.0,60,40,12,0.5,0.5,4,base,48,1.6,0.2,False,grid_rsi_trailing_diagnostics_usdjpy_zero.csv,-0.898742870922695,-0.0005101117121149,0.0005675835977326,-0.0005803824773845,330,-0.0004217867061581,0.4606060606060606,1.0044051366230038,-0.25113453339071,0 days 01:00:00,USDJPY,grid_rsi_trailing_diagnostics_usdjpy_real.csv,-0.8734267972009693,-0.0004956764688094338,-0.24382188716506492
-0.0253160737217257,-1.4435243305466194e-05,0.0005702007137496,-0.0003848816228569,330,-1.20658662718931e-05,0.4909090909090909,1.0323873063742592,-0.0073126462256451,0 days 01:00:00,USDJPY,20,120,1.3,3.0,60,40,8,0.5,0.5,4,base,48,1.6,0.2,False,grid_rsi_trailing_diagnostics_usdjpy_zero.csv,-0.898742870922695,-0.0005101117121149,0.0005675835977326,-0.0005803824773845,330,-0.0004217867061581,0.4606060606060606,1.0044051366230038,-0.25113453339071,0 days 01:00:00,USDJPY,grid_rsi_trailing_diagnostics_usdjpy_real.csv,-0.8734267972009693,-0.0004956764688094338,-0.24382188716506492
-0.1294433062361712,-6.462160875320144e-05,0.0004992271182821,-0.0003101971609044,330,-5.351653762586395e-05,0.503030303030303,0.9653770212309836,-0.0324342652279687,0 days 01:00:00,USDJPY,20,120,1.5,4.0,60,40,12,0.5,0.5,4,base,48,1.6,0.4,False,grid_rsi_trailing_diagnostics_usdjpy_zero.csv,-0.8830392000911201,-0.0004417233315426,0.0005002307162548,-0.0005026849397242,330,-0.0003652256344585,0.4727272727272727,0.9555355072683008,-0.2174521539315154,0 days 01:00:00,USDJPY,grid_rsi_trailing_diagnostics_usdjpy_real.csv,-0.753595893854949,-0.00037710172278939856,-0.18501788870354668
-0.1294433062361712,-6.462160875320144e-05,0.0004992271182821,-0.0003101971609044,330,-5.351653762586395e-05,0.503030303030303,0.9653770212309836,-0.0324342652279687,0 days 01:00:00,USDJPY,20,120,1.5,4.0,60,40,8,0.5,0.5,4,base,48,1.6,0.4,False,grid_rsi_trailing_diagnostics_usdjpy_zero.csv,-0.8830392000911201,-0.0004417233315426,0.0005002307162548,-0.0005026849397242,330,-0.0003652256344585,0.4727272727272727,0.9555355072683008,-0.2174521539315154,0 days 01:00:00,USDJPY,grid_rsi_trailing_diagnostics_usdjpy_real.csv,-0.753595893854949,-0.00037710172278939856,-0.18501788870354668
-0.1946537565614164,-0.0001070115104238,0.0005497531222318,-0.0004074062043864,330,-8.857650606997058e-05,0.4909090909090909,1.0029018658468192,-0.0536827309512748,0 days 01:00:00,USDJPY,20,120,1.3,3.0,60,40,8,0.5,0.5,4,base,48,1.6,0.4,False,grid_rsi_trailing_diagnostics_usdjpy_zero.csv,-0.9235268665623588,-0.0005070301848009,0.000549015088958,-0.0005778270458026,330,-0.0004192308690602,0.4666666666666667,0.97804287148727,-0.2495833654423754,0 days 01:00:00,USDJPY,grid_rsi_trailing_diagnostics_usdjpy_real.csv,-0.7288731100009425,-0.0004000186743771,-0.1959006344911006
-0.1946537565614164,-0.0001070115104238,0.0005497531222318,-0.0004074062043864,330,-8.857650606997058e-05,0.4909090909090909,1.0029018658468192,-0.0536827309512748,0 days 01:00:00,USDJPY,20,120,1.3,3.0,60,40,12,0.5,0.5,4,base,48,1.6,0.4,False,grid_rsi_trailing_diagnostics_usdjpy_zero.csv,-0.9235268665623588,-0.0005070301848009,0.000549015088958,-0.0005778270458026,330,-0.0004192308690602,0.4666666666666667,0.97804287148727,-0.2495833654423754,0 days 01:00:00,USDJPY,grid_rsi_trailing_diagnostics_usdjpy_real.csv,-0.7288731100009425,-0.0004000186743771,-0.1959006344911006
-0.270145344594983,-0.0001322584047566,0.0004895823948212,-0.0005040691226614,422,-0.0001094190262251,0.5213270142180095,0.8781601347479564,-0.0518573584006163,0 days 01:00:00,USDJPY,20,120,1.5,3.0,60,40,12,0.5,0.5,4,base,64,1.3,0.2,False,grid_rsi_trailing_diagnostics_usdjpy_zero.csv,-1.106266493867386,-0.0005461814726419,0.0004937160039373,-0.0006885037930334,424,-0.0004515706689408,0.490566037735849,0.869339720500489,-0.2091905947479438,0 days 01:00:00,USDJPY,grid_rsi_trailing_diagnostics_usdjpy_real.csv,-0.836121149272403,-0.0004139230678853,-0.1573332363473275
-0.270145344594983,-0.0001322584047566,0.0004895823948212,-0.0005040691226614,422,-0.0001094190262251,0.5213270142180095,0.8781601347479564,-0.0518573584006163,0 days 01:00:00,USDJPY,20,120,1.5,3.0,60,40,8,0.5,0.5,4,base,64,1.3,0.2,False,grid_rsi_trailing_diagnostics_usdjpy_zero.csv,-1.106266493867386,-0.0005461814726419,0.0004937160039373,-0.0006885037930334,424,-0.0004515706689408,0.490566037735849,0.869339720500489,-0.2091905947479438,0 days 01:00:00,USDJPY,grid_rsi_trailing_diagnostics_usdjpy_real.csv,-0.836121149272403,-0.0004139230678853,-0.1573332363473275
-0.3335866368502373,-0.000186196105512,0.0005581641617007,-0.0004074062043864,330,-0.0001540323743608,0.4909090909090909,0.9776754603054476,-0.0933529541582686,0 days 01:00:00,USDJPY,20,120,1.3,4.0,60,40,12,0.5,0.5,4,base,48,1.6,0.4,False,grid_rsi_trailing_diagnostics_usdjpy_zero.csv,-1.0572386135499938,-0.0005891702819419,0.0005572727616934,-0.0006457197377192,330,-0.0004871343347236,0.4666666666666667,0.9508620703168073,-0.2907371109906284,0 days 01:00:00,USDJPY,grid_rsi_trailing_diagnostics_usdjpy_real.csv,-0.7236519766997564,-0.00040297417642990005,-0.19738415683235977
-0.3335866368502373,-0.000186196105512,0.0005581641617007,-0.0004074062043864,330,-0.0001540323743608,0.4909090909090909,0.9776754603054476,-0.0933529541582686,0 days 01:00:00,USDJPY,20,120,1.3,4.0,60,40,8,0.5,0.5,4,base,48,1.6,0.4,False,grid_rsi_trailing_diagnostics_usdjpy_zero.csv,-1.0572386135499938,-0.0005891702819419,0.0005572727616934,-0.0006457197377192,330,-0.0004871343347236,0.4666666666666667,0.9508620703168073,-0.2907371109906284,0 days 01:00:00,USDJPY,grid_rsi_trailing_diagnostics_usdjpy_real.csv,-0.7236519766997564,-0.00040297417642990005,-0.19738415683235977
-0.4805588755602939,-0.0002319320386414,0.0004826298096587,-0.0005278505839417,422,-0.0001918044919868,0.5213270142180095,0.8480224565331022,-0.0909026028371472,0 days 01:00:00,USDJPY,20,120,1.5,3.0,60,40,12,0.5,0.5,4,base,64,1.3,0.4,False,grid_rsi_trailing_diagnostics_usdjpy_zero.csv,-1.334098512511621,-0.0006491099419149,0.0004865532311349,-0.0007136435893203,424,-0.0005366525447358,0.490566037735849,0.8368821113254485,-0.2493237728284243,0 days 01:00:00,USDJPY,grid_rsi_trailing_diagnostics_usdjpy_real.csv,-0.8535396369513271,-0.00041717790327349996,-0.1584211699912771
-0.4805588755602939,-0.0002319320386414,0.0004826298096587,-0.0005278505839417,422,-0.0001918044919868,0.5213270142180095,0.8480224565331022,-0.0909026028371472,0 days 01:00:00,USDJPY,20,120,1.5,3.0,60,40,8,0.5,0.5,4,base,64,1.3,0.4,False,grid_rsi_trailing_diagnostics_usdjpy_zero.csv,-1.334098512511621,-0.0006491099419149,0.0004865532311349,-0.0007136435893203,424,-0.0005366525447358,0.490566037735849,0.8368821113254485,-0.2493237728284243,0 days 01:00:00,USDJPY,grid_rsi_trailing_diagnostics_usdjpy_real.csv,-0.8535396369513271,-0.00041717790327349996,-0.1584211699912771
-0.5183217011116906,-0.0002785373078668,0.0005373830716897,-0.0005045647956199,346,-0.0002303510479992,0.5144508670520231,0.8681692303463521,-0.1331508947975082,0 days 01:00:00,USDJPY,20,120,1.5,3.0,60,40,8,0.5,0.5,4,base,32,1.6,0.2,False,grid_rsi_trailing_diagnostics_usdjpy_zero.csv,-1.2424960663918536,-0.0006692171560853,0.0005386070621766,-0.0007752802716093,346,-0.0005532961844294,0.4739884393063583,0.9100272533597872,-0.3158329126173023,0 days 01:00:00,USDJPY,grid_rsi_trailing_diagnostics_usdjpy_real.csv,-0.724174365280163,-0.0003906798482185,-0.1826820178197941
-0.5183217011116906,-0.0002785373078668,0.0005373830716897,-0.0005045647956199,346,-0.0002303510479992,0.5144508670520231,0.8681692303463521,-0.1331508947975082,0 days 01:00:00,USDJPY,20,120,1.5,3.0,60,40,12,0.5,0.5,4,base,32,1.6,0.2,False,grid_rsi_trailing_diagnostics_usdjpy_zero.csv,-1.2424960663918536,-0.0006692171560853,0.0005386070621766,-0.0007752802716093,346,-0.0005532961844294,0.4739884393063583,0.9100272533597872,-0.3158329126173023,0 days 01:00:00,USDJPY,grid_rsi_trailing_diagnostics_usdjpy_real.csv,-0.724174365280163,-0.0003906798482185,-0.1826820178197941
-0.5264368549975974,-0.0002727193971865,0.0005180476909956,-0.0005320119827364,348,-0.0002255335696291,0.5287356321839081,0.8198692449259748,-0.1296169940396378,0 days 01:00:00,USDJPY,20,120,1.5,3.0,60,40,12,0.5,0.5,4,base,32,1.6,0.4,False,grid_rsi_trailing_diagnostics_usdjpy_zero.csv,-1.28544779188742,-0.0006671615923662,0.0005190110376918,-0.0007824363994744,348,-0.0005515883939866,0.4885057471264368,0.8552338383937579,-0.3130050535763581,0 days 01:00:00,USDJPY,grid_rsi_trailing_diagnostics_usdjpy_real.csv,-0.7590109368898227,-0.00039444219517970004,-0.1833880595367203
-0.5264368549975974,-0.0002727193971865,0.0005180476909956,-0.0005320119827364,348,-0.0002255335696291,0.5287356321839081,0.8198692449259748,-0.1296169940396378,0 days 01:00:00,USDJPY,20,120,1.5,3.0,60,40,8,0.5,0.5,4,base,32,1.6,0.4,False,grid_rsi_trailing_diagnostics_usdjpy_zero.csv,-1.28544779188742,-0.0006671615923662,0.0005190110376918,-0.0007824363994744,348,-0.0005515883939866,0.4885057471264368,0.8552338383937579,-0.3130050535763581,0 days 01:00:00,USDJPY,grid_rsi_trailing_diagnostics_usdjpy_real.csv,-0.7590109368898227,-0.00039444219517970004,-0.1833880595367203
-0.5315938007566977,-0.0002862269577406,0.000538431707317,-0.0005226914013108,346,-0.000236707737195,0.5144508670520231,0.8660806721161629,-0.1368252816158428,0 days 01:00:00,USDJPY,20,120,1.5,4.0,60,40,8,0.5,0.5,4,base,32,1.6,0.2,False,grid_rsi_trailing_diagnostics_usdjpy_zero.csv,-1.2613767825209798,-0.0006803163439198,0.0005393442731363,-0.0007844537158679,346,-0.0005624716666268,0.4739884393063583,0.9066705510790212,-0.3211367093587129,0 days 01:00:00,USDJPY,grid_rsi_trailing_diagnostics_usdjpy_real.csv,-0.7297829817642821,-0.00039408938617920003,-0.18431142774287013
-0.5315938007566977,-0.0002862269577406,0.000538431707317,-0.0005226914013108,346,-0.000236707737195,0.5144508670520231,0.8660806721161629,-0.1368252816158428,0 days 01:00:00,USDJPY,20,120,1.5,4.0,60,40,12,0.5,0.5,4,base,32,1.6,0.2,False,grid_rsi_trailing_diagnostics_usdjpy_zero.csv,-1.2613767825209798,-0.0006803163439198,0.0005393442731363,-0.0007844537158679,346,-0.0005624716666268,0.4739884393063583,0.9066705510790212,-0.3211367093587129,0 days 01:00:00,USDJPY,grid_rsi_trailing_diagnostics_usdjpy_real.csv,-0.7297829817642821,-0.00039408938617920003,-0.18431142774287013
-0.5523740063735855,-0.0002983588834892,0.0005401392535612,-0.0005914656827823,424,-0.0002467366996242,0.5188679245283019,0.8487219798231963,-0.1163852356717403,0 days 01:00:00,USDJPY,20,120,1.3,3.0,60,40,12,0.5,0.5,4,base,64,1.3,0.2,False,grid_rsi_trailing_diagnostics_usdjpy_zero.csv,-1.557064538709465,-0.0008446587027788,0.0005424686528914,-0.0009778470836114,424,-0.0006983288906378,0.4811320754716981,0.841843489913036,-0.3250017028361937,0 days 01:00:00,USDJPY,grid_rsi_trailing_diagnostics_usdjpy_real.csv,-1.0046905323358795,-0.0005462998192896,-0.20861646716445337
-0.5523740063735855,-0.0002983588834892,0.0005401392535612,-0.0005914656827823,424,-0.0002467366996242,0.5188679245283019,0.8487219798231963,-0.1163852356717403,0 days 01:00:00,USDJPY,20,120,1.3,3.0,60,40,8,0.5,0.5,4,base,64,1.3,0.2,False,grid_rsi_trailing_diagnostics_usdjpy_zero.csv,-1.557064538709465,-0.0008446587027788,0.0005424686528914,-0.0009778470836114,424,-0.0006983288906378,0.4811320754716981,0.841843489913036,-0.3250017028361937,0 days 01:00:00,USDJPY,grid_rsi_trailing_diagnostics_usdjpy_real.csv,-1.0046905323358795,-0.0005462998192896,-0.20861646716445337
-0.5615204881601525,-0.0003585719109771,0.0006385731572359,-0.0006005528004888,572,-0.0002965567895748,0.493006993006993,0.9555747058736108,-0.1036911851660391,0 days 01:00:00,USDJPY,20,120,1.5,3.0,60,40,12,0.5,0.5,4,base,32,1.0,0.2,False,grid_rsi_trailing_diagnostics_usdjpy_zero.csv,-1.5145275859597422,-0.0009599864171579,0.000633852051331,-0.0009992534392383,572,-0.0007937127976039,0.4615384615384615,0.9600998742016692,-0.2735884977821093,0 days 01:00:00,USDJPY,grid_rsi_trailing_diagnostics_usdjpy_real.csv,-0.9530070977995897,-0.0006014145061808001,-0.16989731261607022
-0.5615204881601525,-0.0003585719109771,0.0006385731572359,-0.0006005528004888,572,-0.0002965567895748,0.493006993006993,0.9555747058736108,-0.1036911851660391,0 days 01:00:00,USDJPY,20,120,1.5,3.0,60,40,8,0.5,0.5,4,base,32,1.0,0.2,False,grid_rsi_trailing_diagnostics_usdjpy_zero.csv,-1.5145275859597422,-0.0009599864171579,0.000633852051331,-0.0009992534392383,572,-0.0007937127976039,0.4615384615384615,0.9600998742016692,-0.2735884977821093,0 days 01:00:00,USDJPY,grid_rsi_trailing_diagnostics_usdjpy_real.csv,-0.9530070977995897,-0.0006014145061808001,-0.16989731261607022
-0.5819566057778817,-0.0002999108662099,0.0005153491913869,-0.0005501380906509,348,-0.0002480087555644,0.5287356321839081,0.8127493730757789,-0.1425337675660414,0 days 01:00:00,USDJPY,20,120,1.5,4.0,60,40,8,0.5,0.5,4,base,32,1.6,0.4,False,grid_rsi_trailing_diagnostics_usdjpy_zero.csv,-1.3520742922621198,-0.0006977576359032,0.0005160645682685,-0.0008020207389356,348,-0.0005768794161402,0.4885057471264368,0.8463228865451351,-0.3275401856199473,0 days 01:00:00,USDJPY,grid_rsi_trailing_diagnostics_usdjpy_real.csv,-0.7701176864842382,-0.0003978467696933,-0.18500641805390589
-0.5819566057778817,-0.0002999108662099,0.0005153491913869,-0.0005501380906509,348,-0.0002480087555644,0.5287356321839081,0.8127493730757789,-0.1425337675660414,0 days 01:00:00,USDJPY,20,120,1.5,4.0,60,40,12,0.5,0.5,4,base,32,1.6,0.4,False,grid_rsi_trailing_diagnostics_usdjpy_zero.csv,-1.3520742922621198,-0.0006977576359032,0.0005160645682685,-0.0008020207389356,348,-0.0005768794161402,0.4885057471264368,0.8463228865451351,-0.3275401856199473,0 days 01:00:00,USDJPY,grid_rsi_trailing_diagnostics_usdjpy_real.csv,-0.7701176864842382,-0.0003978467696933,-0.18500641805390589
-0.6080158751524627,-0.0002466010293655,0.0004055832083393,-0.0004193395612406,302,-0.0002039014400732,0.5298013245033113,0.7875118852406772,-0.1350340662738012,0 days 01:00:00,USDJPY,20,120,1.5,3.0,60,40,12,0.5,0.5,4,base,64,1.6,0.2,False,grid_rsi_trailing_diagnostics_usdjpy_zero.csv,-1.4707315035224318,-0.0006013255165925,0.0004088615190144,-0.0006321627531651,304,-0.000497123115609,0.4868421052631579,0.7940352468926167,-0.3232808540418539,0 days 01:00:00,USDJPY,grid_rsi_trailing_diagnostics_usdjpy_real.csv,-0.8627156283699691,-0.000354724487227,-0.1882467877680527
-0.6080158751524627,-0.0002466010293655,0.0004055832083393,-0.0004193395612406,302,-0.0002039014400732,0.5298013245033113,0.7875118852406772,-0.1350340662738012,0 days 01:00:00,USDJPY,20,120,1.5,4.0,60,40,8,0.5,0.5,4,base,64,1.6,0.2,False,grid_rsi_trailing_diagnostics_usdjpy_zero.csv,-1.4707315035224318,-0.0006013255165925,0.0004088615190144,-0.0006321627531651,304,-0.000497123115609,0.4868421052631579,0.7940352468926167,-0.3232808540418539,0 days 01:00:00,USDJPY,grid_rsi_trailing_diagnostics_usdjpy_real.csv,-0.8627156283699691,-0.000354724487227,-0.1882467877680527
-0.6080158751524627,-0.0002466010293655,0.0004055832083393,-0.0004193395612406,302,-0.0002039014400732,0.5298013245033113,0.7875118852406772,-0.1350340662738012,0 days 01:00:00,USDJPY,20,120,1.5,4.0,60,40,8,0.5,0.5,4,base,64,1.6,0.4,False,grid_rsi_trailing_diagnostics_usdjpy_zero.csv,-1.4707315035224318,-0.0006013255165925,0.0004088615190144,-0.0006321627531651,304,-0.000497123115609,0.4868421052631579,0.7940352468926167,-0.3232808540418539,0 days 01:00:00,USDJPY,grid_rsi_trailing_diagnostics_usdjpy_real.csv,-0.8627156283699691,-0.000354724487227,-0.1882467877680527
-0.6080158751524627,-0.0002466010293655,0.0004055832083393,-0.0004193395612406,302,-0.0002039014400732,0.5298013245033113,0.7875118852406772,-0.1350340662738012,0 days 01:00:00,USDJPY,20,120,1.5,3.0,60,40,8,0.5,0.5,4,base,64,1.6,0.2,False,grid_rsi_trailing_diagnostics_usdjpy_zero.csv,-1.4707315035224318,-0.0006013255165925,0.0004088615190144,-0.0006321627531651,304,-0.000497123115609,0.4868421052631579,0.7940352468926167,-0.3232808540418539,0 days 01:00:00,USDJPY,grid_rsi_trailing_diagnostics_usdjpy_real.csv,-0.8627156283699691,-0.000354724487227,-0.1882467877680527
-0.6080158751524627,-0.0002466010293655,0.0004055832083393,-0.0004193395612406,302,-0.0002039014400732,0.5298013245033113,0.7875118852406772,-0.1350340662738012,0 days 01:00:00,USDJPY,20,120,1.5,3.0,60,40,8,0.5,0.5,4,base,64,1.6,0.4,False,grid_rsi_trailing_diagnostics_usdjpy_zero.csv,-1.4707315035224318,-0.0006013255165925,0.0004088615190144,-0.0006321627531651,304,-0.000497123115609,0.4868421052631579,0.7940352468926167,-0.3232808540418539,0 days 01:00:00,USDJPY,grid_rsi_trailing_diagnostics_usdjpy_real.csv,-0.8627156283699691,-0.000354724487227,-0.1882467877680527
-0.6080158751524627,-0.0002466010293655,0.0004055832083393,-0.0004193395612406,302,-0.0002039014400732,0.5298013245033113,0.7875118852406772,-0.1350340662738012,0 days 01:00:00,USDJPY,20,120,1.5,3.0,60,40,12,0.5,0.5,4,base,64,1.6,0.4,False,grid_rsi_trailing_diagnostics_usdjpy_zero.csv,-1.4707315035224318,-0.0006013255165925,0.0004088615190144,-0.0006321627531651,304,-0.000497123115609,0.4868421052631579,0.7940352468926167,-0.3232808540418539,0 days 01:00:00,USDJPY,grid_rsi_trailing_diagnostics_usdjpy_real.csv,-0.8627156283699691,-0.000354724487227,-0.1882467877680527
-0.6080158751524627,-0.0002466010293655,0.0004055832083393,-0.0004193395612406,302,-0.0002039014400732,0.5298013245033113,0.7875118852406772,-0.1350340662738012,0 days 01:00:00,USDJPY,20,120,1.5,4.0,60,40,12,0.5,0.5,4,base,64,1.6,0.2,False,grid_rsi_trailing_diagnostics_usdjpy_zero.csv,-1.4707315035224318,-0.0006013255165925,0.0004088615190144,-0.0006321627531651,304,-0.000497123115609,0.4868421052631579,0.7940352468926167,-0.3232808540418539,0 days 01:00:00,USDJPY,grid_rsi_trailing_diagnostics_usdjpy_real.csv,-0.8627156283699691,-0.000354724487227,-0.1882467877680527
-0.6080158751524627,-0.0002466010293655,0.0004055832083393,-0.0004193395612406,302,-0.0002039014400732,0.5298013245033113,0.7875118852406772,-0.1350340662738012,0 days 01:00:00,USDJPY,20,120,1.5,4.0,60,40,12,0.5,0.5,4,base,64,1.6,0.4,False,grid_rsi_trailing_diagnostics_usdjpy_zero.csv,-1.4707315035224318,-0.0006013255165925,0.0004088615190144,-0.0006321627531651,304,-0.000497123115609,0.4868421052631579,0.7940352468926167,-0.3232808540418539,0 days 01:00:00,USDJPY,grid_rsi_trailing_diagnostics_usdjpy_real.csv,-0.8627156283699691,-0.000354724487227,-0.1882467877680527
-0.6477497717628354,-0.0002968559838396,0.0004582880562532,-0.0005024920147562,304,-0.0002454606490569,0.5263157894736842,0.7952911703724483,-0.1614872691159602,0 days 01:00:00,USDJPY,20,120,1.3,4.0,60,40,12,0.5,0.5,4,base,64,1.6,0.2,False,grid_rsi_trailing_diagnostics_usdjpy_zero.csv,-1.4283558542806802,-0.0006516447892163,0.0004562201969931,-0.0007258796454438,304,-0.0005387361602676,0.4868421052631579,0.8037073670125237,-0.3500807318031348,0 days 01:00:00,USDJPY,grid_rsi_trailing_diagnostics_usdjpy_real.csv,-0.7806060825178448,-0.0003547888053767,-0.1885934626871746
-0.6477497717628354,-0.0002968559838396,0.0004582880562532,-0.0005024920147562,304,-0.0002454606490569,0.5263157894736842,0.7952911703724483,-0.1614872691159602,0 days 01:00:00,USDJPY,20,120,1.3,4.0,60,40,8,0.5,0.5,4,base,64,1.6,0.4,False,grid_rsi_trailing_diagnostics_usdjpy_zero.csv,-1.4283558542806802,-0.0006516447892163,0.0004562201969931,-0.0007258796454438,304,-0.0005387361602676,0.4868421052631579,0.8037073670125237,-0.3500807318031348,0 days 01:00:00,USDJPY,grid_rsi_trailing_diagnostics_usdjpy_real.csv,-0.7806060825178448,-0.0003547888053767,-0.1885934626871746
-0.6477497717628354,-0.0002968559838396,0.0004582880562532,-0.0005024920147562,304,-0.0002454606490569,0.5263157894736842,0.7952911703724483,-0.1614872691159602,0 days 01:00:00,USDJPY,20,120,1.3,3.0,60,40,8,0.5,0.5,4,base,64,1.6,0.4,False,grid_rsi_trailing_diagnostics_usdjpy_zero.csv,-1.4283558542806802,-0.0006516447892163,0.0004562201969931,-0.0007258796454438,304,-0.0005387361602676,0.4868421052631579,0.8037073670125237,-0.3500807318031348,0 days 01:00:00,USDJPY,grid_rsi_trailing_diagnostics_usdjpy_real.csv,-0.7806060825178448,-0.0003547888053767,-0.1885934626871746
-0.6477497717628354,-0.0002968559838396,0.0004582880562532,-0.0005024920147562,304,-0.0002454606490569,0.5263157894736842,0.7952911703724483,-0.1614872691159602,0 days 01:00:00,USDJPY,20,120,1.3,3.0,60,40,8,0.5,0.5,4,base,64,1.6,0.2,False,grid_rsi_trailing_diagnostics_usdjpy_zero.csv,-1.4283558542806802,-0.0006516447892163,0.0004562201969931,-0.0007258796454438,304,-0.0005387361602676,0.4868421052631579,0.8037073670125237,-0.3500807318031348,0 days 01:00:00,USDJPY,grid_rsi_trailing_diagnostics_usdjpy_real.csv,-0.7806060825178448,-0.0003547888053767,-0.1885934626871746
-0.6477497717628354,-0.0002968559838396,0.0004582880562532,-0.0005024920147562,304,-0.0002454606490569,0.5263157894736842,0.7952911703724483,-0.1614872691159602,0 days 01:00:00,USDJPY,20,120,1.3,3.0,60,40,12,0.5,0.5,4,base,64,1.6,0.2,False,grid_rsi_trailing_diagnostics_usdjpy_zero.csv,-1.4283558542806802,-0.0006516447892163,0.0004562201969931,-0.0007258796454438,304,-0.0005387361602676,0.4868421052631579,0.8037073670125237,-0.3500807318031348,0 days 01:00:00,USDJPY,grid_rsi_trailing_diagnostics_usdjpy_real.csv,-0.7806060825178448,-0.0003547888053767,-0.1885934626871746
-0.6477497717628354,-0.0002968559838396,0.0004582880562532,-0.0005024920147562,304,-0.0002454606490569,0.5263157894736842,0.7952911703724483,-0.1614872691159602,0 days 01:00:00,USDJPY,20,120,1.3,3.0,60,40,12,0.5,0.5,4,base,64,1.6,0.4,False,grid_rsi_trailing_diagnostics_usdjpy_zero.csv,-1.4283558542806802,-0.0006516447892163,0.0004562201969931,-0.0007258796454438,304,-0.0005387361602676,0.4868421052631579,0.8037073670125237,-0.3500807318031348,0 days 01:00:00,USDJPY,grid_rsi_trailing_diagnostics_usdjpy_real.csv,-0.7806060825178448,-0.0003547888053767,-0.1885934626871746
-0.6477497717628354,-0.0002968559838396,0.0004582880562532,-0.0005024920147562,304,-0.0002454606490569,0.5263157894736842,0.7952911703724483,-0.1614872691159602,0 days 01:00:00,USDJPY,20,120,1.3,4.0,60,40,12,0.5,0.5,4,base,64,1.6,0.4,False,grid_rsi_trailing_diagnostics_usdjpy_zero.csv,-1.4283558542806802,-0.0006516447892163,0.0004562201969931,-0.0007258796454438,304,-0.0005387361602676,0.4868421052631579,0.8037073670125237,-0.3500807318031348,0 days 01:00:00,USDJPY,grid_rsi_trailing_diagnostics_usdjpy_real.csv,-0.7806060825178448,-0.0003547888053767,-0.1885934626871746
-0.6477497717628354,-0.0002968559838396,0.0004582880562532,-0.0005024920147562,304,-0.0002454606490569,0.5263157894736842,0.7952911703724483,-0.1614872691159602,0 days 01:00:00,USDJPY,20,120,1.3,4.0,60,40,8,0.5,0.5,4,base,64,1.6,0.2,False,grid_rsi_trailing_diagnostics_usdjpy_zero.csv,-1.4283558542806802,-0.0006516447892163,0.0004562201969931,-0.0007258796454438,304,-0.0005387361602676,0.4868421052631579,0.8037073670125237,-0.3500807318031348,0 days 01:00:00,USDJPY,grid_rsi_trailing_diagnostics_usdjpy_real.csv,-0.7806060825178448,-0.0003547888053767,-0.1885934626871746
-0.664602701560826,-0.0003293648067482,0.000495581504521,-0.0006368364813053,420,-0.0002723471054165,0.5142857142857142,0.8440649335365314,-0.1296890978168743,0 days 01:00:00,USDJPY,20,120,1.5,4.0,60,40,12,0.5,0.5,4,base,64,1.3,0.2,False,grid_rsi_trailing_diagnostics_usdjpy_zero.csv,-1.4904959358859469,-0.0007447497646161,0.0004996657466049,-0.0008700958130696,422,-0.000615718937254,0.4834123222748815,0.8348026914661192,-0.2879938849452161,0 days 01:00:00,USDJPY,grid_rsi_trailing_diagnostics_usdjpy_real.csv,-0.8258932343251209,-0.0004153849578679,-0.1583047871283418
-0.664602701560826,-0.0003293648067482,0.000495581504521,-0.0006368364813053,420,-0.0002723471054165,0.5142857142857142,0.8440649335365314,-0.1296890978168743,0 days 01:00:00,USDJPY,20,120,1.5,4.0,60,40,8,0.5,0.5,4,base,64,1.3,0.2,False,grid_rsi_trailing_diagnostics_usdjpy_zero.csv,-1.4904959358859469,-0.0007447497646161,0.0004996657466049,-0.0008700958130696,422,-0.000615718937254,0.4834123222748815,0.8348026914661192,-0.2879938849452161,0 days 01:00:00,USDJPY,grid_rsi_trailing_diagnostics_usdjpy_real.csv,-0.8258932343251209,-0.0004153849578679,-0.1583047871283418
-0.7329310436908307,-0.0004344311860938,0.0005927313214981,-0.0006288318481065,442,-0.0003592395823807,0.4796380090497738,0.9710478025782446,-0.1625518472313474,0 days 01:00:00,USDJPY,20,120,1.3,3.0,60,40,12,0.5,0.5,4,base,48,1.3,0.2,False,grid_rsi_trailing_diagnostics_usdjpy_zero.csv,-1.751268223363547,-0.0010303960813999,0.0005883713686193,-0.0010384219641099,444,-0.0008518972967851,0.4414414414414414,0.977207883548653,-0.3792997070284026,0 days 01:00:00,USDJPY,grid_rsi_trailing_diagnostics_usdjpy_real.csv,-1.0183371796727163,-0.0005959648953061001,-0.2167478597970552
-0.7329310436908307,-0.0004344311860938,0.0005927313214981,-0.0006288318481065,442,-0.0003592395823807,0.4796380090497738,0.9710478025782446,-0.1625518472313474,0 days 01:00:00,USDJPY,20,120,1.3,3.0,60,40,8,0.5,0.5,4,base,48,1.3,0.2,False,grid_rsi_trailing_diagnostics_usdjpy_zero.csv,-1.751268223363547,-0.0010303960813999,0.0005883713686193,-0.0010384219641099,444,-0.0008518972967851,0.4414414414414414,0.977207883548653,-0.3792997070284026,0 days 01:00:00,USDJPY,grid_rsi_trailing_diagnostics_usdjpy_real.csv,-1.0183371796727163,-0.0005959648953061001,-0.2167478597970552
-0.7446340521634999,-0.0005304205640838,0.0007123238086449,-0.0008115287787723,578,-0.0004386510989931,0.4809688581314879,0.9803101967961642,-0.1517823871953406,0 days 01:00:00,USDJPY,20,120,1.3,3.0,60,40,12,0.5,0.5,4,base,32,1.0,0.2,False,grid_rsi_trailing_diagnostics_usdjpy_zero.csv,-1.768048542502595,-0.001259861970312,0.0007125720476705,-0.0013191028985794,578,-0.0010416676616687,0.4498269896193771,0.9759066215308896,-0.3558895219978504,0 days 01:00:00,USDJPY,grid_rsi_trailing_diagnostics_usdjpy_real.csv,-1.023414490339095,-0.0007294414062281999,-0.2041071348025098
-0.7446340521634999,-0.0005304205640838,0.0007123238086449,-0.0008115287787723,578,-0.0004386510989931,0.4809688581314879,0.9803101967961642,-0.1517823871953406,0 days 01:00:00,USDJPY,20,120,1.3,3.0,60,40,8,0.5,0.5,4,base,32,1.0,0.2,False,grid_rsi_trailing_diagnostics_usdjpy_zero.csv,-1.768048542502595,-0.001259861970312,0.0007125720476705,-0.0013191028985794,578,-0.0010416676616687,0.4498269896193771,0.9759066215308896,-0.3558895219978504,0 days 01:00:00,USDJPY,grid_rsi_trailing_diagnostics_usdjpy_real.csv,-1.023414490339095,-0.0007294414062281999,-0.2041071348025098
-0.7489133243181096,-0.0004042711942497,0.0005398103907656,-0.0006499599129053,442,-0.0003342841469059,0.4841628959276018,0.9502456216659536,-0.1512597949795971,0 days 01:00:00,USDJPY,20,120,1.5,3.0,60,40,12,0.5,0.5,4,base,48,1.3,0.2,False,grid_rsi_trailing_diagnostics_usdjpy_zero.csv,-1.594121295672911,-0.0008595335466416,0.0005391895516199,-0.0009408582400893,442,-0.0007106241077931,0.4479638009049774,0.9684661002849494,-0.317710370234089,0 days 01:00:00,USDJPY,grid_rsi_trailing_diagnostics_usdjpy_real.csv,-0.8452079713548013,-0.00045526235239190006,-0.1664505752544919
-0.7489133243181096,-0.0004042711942497,0.0005398103907656,-0.0006499599129053,442,-0.0003342841469059,0.4841628959276018,0.9502456216659536,-0.1512597949795971,0 days 01:00:00,USDJPY,20,120,1.5,3.0,60,40,8,0.5,0.5,4,base,48,1.3,0.2,False,grid_rsi_trailing_diagnostics_usdjpy_zero.csv,-1.594121295672911,-0.0008595335466416,0.0005391895516199,-0.0009408582400893,442,-0.0007106241077931,0.4479638009049774,0.9684661002849494,-0.317710370234089,0 days 01:00:00,USDJPY,grid_rsi_trailing_diagnostics_usdjpy_real.csv,-0.8452079713548013,-0.00045526235239190006,-0.1664505752544919
-0.777348558040366,-0.0004133461242833,0.0005317384589036,-0.000618902969686,424,-0.0003417820271363,0.5188679245283019,0.8184564132320975,-0.1612179373285333,0 days 01:00:00,USDJPY,20,120,1.3,3.0,60,40,12,0.5,0.5,4,base,64,1.3,0.4,False,grid_rsi_trailing_diagnostics_usdjpy_zero.csv,-1.804852193567326,-0.0009633851161381,0.0005337750756387,-0.001006845660977,424,-0.0007964742313673,0.4811320754716981,0.8081243998043358,-0.3712969646603108,0 days 01:00:00,USDJPY,grid_rsi_trailing_diagnostics_usdjpy_real.csv,-1.0275036355269602,-0.0005500389918548,-0.21007902733177752
-0.777348558040366,-0.0004133461242833,0.0005317384589036,-0.000618902969686,424,-0.0003417820271363,0.5188679245283019,0.8184564132320975,-0.1612179373285333,0 days 01:00:00,USDJPY,20,120,1.3,3.0,60,40,8,0.5,0.5,4,base,64,1.3,0.4,False,grid_rsi_trailing_diagnostics_usdjpy_zero.csv,-1.804852193567326,-0.0009633851161381,0.0005337750756387,-0.001006845660977,424,-0.0007964742313673,0.4811320754716981,0.8081243998043358,-0.3712969646603108,0 days 01:00:00,USDJPY,grid_rsi_trailing_diagnostics_usdjpy_real.csv,-1.0275036355269602,-0.0005500389918548,-0.21007902733177752
-0.8338851848522718,-0.0005376340246483,0.0006447338727376,-0.0007235173294888,572,-0.0004445760834569,0.486013986013986,0.9470358044533754,-0.1554461830273777,0 days 01:00:00,USDJPY,20,120,1.5,4.0,60,40,8,0.5,0.5,4,base,32,1.0,0.2,False,grid_rsi_trailing_diagnostics_usdjpy_zero.csv,-1.769323399697457,-0.0011337964687658,0.000640807931981,-0.0011429170532332,572,-0.0009374059698467,0.4545454545454545,0.9523404979335328,-0.3238302902843202,0 days 01:00:00,USDJPY,grid_rsi_trailing_diagnostics_usdjpy_real.csv,-0.9354382148451853,-0.0005961624441174998,-0.1683841072569425
-0.8338851848522718,-0.0005376340246483,0.0006447338727376,-0.0007235173294888,572,-0.0004445760834569,0.486013986013986,0.9470358044533754,-0.1554461830273777,0 days 01:00:00,USDJPY,20,120,1.5,4.0,60,40,12,0.5,0.5,4,base,32,1.0,0.2,False,grid_rsi_trailing_diagnostics_usdjpy_zero.csv,-1.769323399697457,-0.0011337964687658,0.000640807931981,-0.0011429170532332,572,-0.0009374059698467,0.4545454545454545,0.9523404979335328,-0.3238302902843202,0 days 01:00:00,USDJPY,grid_rsi_trailing_diagnostics_usdjpy_real.csv,-0.9354382148451853,-0.0005961624441174998,-0.1683841072569425
-0.8849432337139345,-0.0005480879833358,0.0006193481824089,-0.000672522503219,572,-0.0004532044064812,0.4895104895104895,0.9294440098184396,-0.1584630791892002,0 days 01:00:00,USDJPY,20,120,1.5,4.0,60,40,12,0.5,0.5,4,base,32,1.0,0.4,False,grid_rsi_trailing_diagnostics_usdjpy_zero.csv,-1.862545846010677,-0.0011447197863929,0.0006145995218559,-0.0010659678654175,572,-0.0009464228861214,0.4615384615384615,0.918725587948628,-0.3269749148260915,0 days 01:00:00,USDJPY,grid_rsi_trailing_diagnostics_usdjpy_real.csv,-0.9776026122967425,-0.0005966318030571,-0.1685118356368913
-0.8849432337139345,-0.0005480879833358,0.0006193481824089,-0.000672522503219,572,-0.0004532044064812,0.4895104895104895,0.9294440098184396,-0.1584630791892002,0 days 01:00:00,USDJPY,20,120,1.5,4.0,60,40,8,0.5,0.5,4,base,32,1.0,0.4,False,grid_rsi_trailing_diagnostics_usdjpy_zero.csv,-1.862545846010677,-0.0011447197863929,0.0006145995218559,-0.0010659678654175,572,-0.0009464228861214,0.4615384615384615,0.918725587948628,-0.3269749148260915,0 days 01:00:00,USDJPY,grid_rsi_trailing_diagnostics_usdjpy_real.csv,-0.9776026122967425,-0.0005966318030571,-0.1685118356368913
-0.9061991790522692,-0.0005578119625917,0.0006155511674322,-0.00068962178549,572,-0.0004612406360348,0.4895104895104895,0.9274322907354756,-0.161272949662634,0 days 01:00:00,USDJPY,20,120,1.5,3.0,60,40,8,0.5,0.5,4,base,32,1.0,0.4,False,grid_rsi_trailing_diagnostics_usdjpy_zero.csv,-1.9049258445297388,-0.0011626550359263,0.0006103413627701,-0.0010807913608534,572,-0.0009612481555223,0.4615384615384615,0.9147928581526962,-0.3321586073044116,0 days 01:00:00,USDJPY,grid_rsi_trailing_diagnostics_usdjpy_real.csv,-0.9987266654774696,-0.0006048430733346,-0.1708856576417776
-0.9061991790522692,-0.0005578119625917,0.0006155511674322,-0.00068962178549,572,-0.0004612406360348,0.4895104895104895,0.9274322907354756,-0.161272949662634,0 days 01:00:00,USDJPY,20,120,1.5,3.0,60,40,12,0.5,0.5,4,base,32,1.0,0.4,False,grid_rsi_trailing_diagnostics_usdjpy_zero.csv,-1.9049258445297388,-0.0011626550359263,0.0006103413627701,-0.0010807913608534,572,-0.0009612481555223,0.4615384615384615,0.9147928581526962,-0.3321586073044116,0 days 01:00:00,USDJPY,grid_rsi_trailing_diagnostics_usdjpy_real.csv,-0.9987266654774696,-0.0006048430733346,-0.1708856576417776
-0.9087920291567656,-0.0005454081883182,0.0006001463160106,-0.0008827847494151,526,-0.0004509795287989,0.4638783269961977,1.011589169527973,-0.1714751060069758,0 days 01:00:00,USDJPY,20,120,1.5,4.0,60,40,12,0.5,0.5,4,base,48,1.0,0.2,False,grid_rsi_trailing_diagnostics_usdjpy_zero.csv,-1.8267199871897737,-0.00109429468051,0.000599048944657,-0.0012471428403087,526,-0.0009047279172437,0.4372623574144487,0.9873465117653456,-0.3401683751281982,0 days 01:00:00,USDJPY,grid_rsi_trailing_diagnostics_usdjpy_real.csv,-0.9179279580330081,-0.0005488864921918,-0.1686932691212224
-0.9087920291567656,-0.0005454081883182,0.0006001463160106,-0.0008827847494151,526,-0.0004509795287989,0.4638783269961977,1.011589169527973,-0.1714751060069758,0 days 01:00:00,USDJPY,20,120,1.5,4.0,60,40,8,0.5,0.5,4,base,48,1.0,0.2,False,grid_rsi_trailing_diagnostics_usdjpy_zero.csv,-1.8267199871897737,-0.00109429468051,0.000599048944657,-0.0012471428403087,526,-0.0009047279172437,0.4372623574144487,0.9873465117653456,-0.3401683751281982,0 days 01:00:00,USDJPY,grid_rsi_trailing_diagnostics_usdjpy_real.csv,-0.9179279580330081,-0.0005488864921918,-0.1686932691212224
-0.9146393003123178,-0.0005045147507884,0.0005515996859267,-0.0008004802392885,422,-0.0004171527188804,0.5118483412322274,0.8198791961679949,-0.1977027103698058,0 days 01:00:00,USDJPY,20,120,1.3,4.0,60,40,8,0.5,0.5,4,base,64,1.3,0.2,False,grid_rsi_trailing_diagnostics_usdjpy_zero.csv,-1.89743721205362,-0.0010513420036486,0.0005540852666796,-0.0011873117031926,422,-0.0008691971911971,0.4739336492890995,0.8119996289446981,-0.4075412126117566,0 days 01:00:00,USDJPY,grid_rsi_trailing_diagnostics_usdjpy_real.csv,-0.9827979117413023,-0.0005468272528601998,-0.20983850224195078
-0.9146393003123178,-0.0005045147507884,0.0005515996859267,-0.0008004802392885,422,-0.0004171527188804,0.5118483412322274,0.8198791961679949,-0.1977027103698058,0 days 01:00:00,USDJPY,20,120,1.3,4.0,60,40,12,0.5,0.5,4,base,64,1.3,0.2,False,grid_rsi_trailing_diagnostics_usdjpy_zero.csv,-1.89743721205362,-0.0010513420036486,0.0005540852666796,-0.0011873117031926,422,-0.0008691971911971,0.4739336492890995,0.8119996289446981,-0.4075412126117566,0 days 01:00:00,USDJPY,grid_rsi_trailing_diagnostics_usdjpy_real.csv,-0.9827979117413023,-0.0005468272528601998,-0.20983850224195078
-0.9161029041813108,-0.0005562434526229,0.0006071844659416,-0.0007681634841896,440,-0.0004599398268578,0.4727272727272727,0.9668827218738192,-0.2090635576629331,0 days 01:00:00,USDJPY,20,120,1.3,4.0,60,40,8,0.5,0.5,4,base,48,1.3,0.2,False,grid_rsi_trailing_diagnostics_usdjpy_zero.csv,-1.913279705745395,-0.0011513811436457,0.0006017840152635,-0.0011770740238678,442,-0.0009519235205163,0.4298642533936652,0.991634810813794,-0.4262906255031947,0 days 01:00:00,USDJPY,grid_rsi_trailing_diagnostics_usdjpy_real.csv,-0.9971768015640842,-0.0005951376910228001,-0.21722706784026158
-0.9161029041813108,-0.0005562434526229,0.0006071844659416,-0.0007681634841896,440,-0.0004599398268578,0.4727272727272727,0.9668827218738192,-0.2090635576629331,0 days 01:00:00,USDJPY,20,120,1.3,4.0,60,40,12,0.5,0.5,4,base,48,1.3,0.2,False,grid_rsi_trailing_diagnostics_usdjpy_zero.csv,-1.913279705745395,-0.0011513811436457,0.0006017840152635,-0.0011770740238678,442,-0.0009519235205163,0.4298642533936652,0.991634810813794,-0.4262906255031947,0 days 01:00:00,USDJPY,grid_rsi_trailing_diagnostics_usdjpy_real.csv,-0.9971768015640842,-0.0005951376910228001,-0.21722706784026158
-0.9414478012943308,-0.0005583190985961,0.0005930430745375,-0.0008577872039773,528,-0.0004616486165045,0.4621212121212121,1.016778362002294,-0.1748669001906315,0 days 01:00:00,USDJPY,20,120,1.5,3.0,60,40,8,0.5,0.5,4,base,48,1.0,0.2,False,grid_rsi_trailing_diagnostics_usdjpy_zero.csv,-1.8657008584175676,-0.0011050622023695,0.0005923040649221,-0.0012203872941367,528,-0.0009136262387628,0.4356060606060606,0.9939193175530172,-0.3422408105120056,0 days 01:00:00,USDJPY,grid_rsi_trailing_diagnostics_usdjpy_real.csv,-0.9242530571232368,-0.0005467431037734001,-0.1673739103213741
-0.9414478012943308,-0.0005583190985961,0.0005930430745375,-0.0008577872039773,528,-0.0004616486165045,0.4621212121212121,1.016778362002294,-0.1748669001906315,0 days 01:00:00,USDJPY,20,120,1.5,3.0,60,40,12,0.5,0.5,4,base,48,1.0,0.2,False,grid_rsi_trailing_diagnostics_usdjpy_zero.csv,-1.8657008584175676,-0.0011050622023695,0.0005923040649221,-0.0012203872941367,528,-0.0009136262387628,0.4356060606060606,0.9939193175530172,-0.3422408105120056,0 days 01:00:00,USDJPY,grid_rsi_trailing_diagnostics_usdjpy_real.csv,-0.9242530571232368,-0.0005467431037734001,-0.1673739103213741
-0.9629614866386388,-0.0005282475300273,0.0005485655837298,-0.0007707128205986,440,-0.0004367695240622,0.4772727272727273,0.9418937011984422,-0.1985316018468186,0 days 01:00:00,USDJPY,20,120,1.5,4.0,60,40,8,0.5,0.5,4,base,48,1.3,0.2,False,grid_rsi_trailing_diagnostics_usdjpy_zero.csv,-1.7954439573315455,-0.000983799936249,0.0005479424363159,-0.0010610471459954,440,-0.0008133573630105,0.4363636363636363,0.9775530827811704,-0.3658635706299237,0 days 01:00:00,USDJPY,grid_rsi_trailing_diagnostics_usdjpy_real.csv,-0.8324824706929067,-0.00045555240622170007,-0.1673319687831051
-0.9629614866386388,-0.0005282475300273,0.0005485655837298,-0.0007707128205986,440,-0.0004367695240622,0.4772727272727273,0.9418937011984422,-0.1985316018468186,0 days 01:00:00,USDJPY,20,120,1.5,4.0,60,40,12,0.5,0.5,4,base,48,1.3,0.2,False,grid_rsi_trailing_diagnostics_usdjpy_zero.csv,-1.7954439573315455,-0.000983799936249,0.0005479424363159,-0.0010610471459954,440,-0.0008133573630105,0.4363636363636363,0.9775530827811704,-0.3658635706299237,0 days 01:00:00,USDJPY,grid_rsi_trailing_diagnostics_usdjpy_real.csv,-0.8324824706929067,-0.00045555240622170007,-0.1673319687831051
-0.9660846188847212,-0.0004643164257054,0.0004806167251078,-0.0006562730563949,420,-0.0003838935722135,0.5142857142857142,0.8029400260345054,-0.1828064629585621,0 days 01:00:00,USDJPY,20,120,1.5,4.0,60,40,8,0.5,0.5,4,base,64,1.3,0.4,False,grid_rsi_trailing_diagnostics_usdjpy_zero.csv,-1.8186031523960775,-0.0008812975163668,0.0004846013354841,-0.000889530699218,422,-0.0007285928489247,0.4834123222748815,0.7913456451938157,-0.3414889561758211,0 days 01:00:00,USDJPY,grid_rsi_trailing_diagnostics_usdjpy_real.csv,-0.8525185335113563,-0.00041698109066139996,-0.158682493217259
-0.9660846188847212,-0.0004643164257054,0.0004806167251078,-0.0006562730563949,420,-0.0003838935722135,0.5142857142857142,0.8029400260345054,-0.1828064629585621,0 days 01:00:00,USDJPY,20,120,1.5,4.0,60,40,12,0.5,0.5,4,base,64,1.3,0.4,False,grid_rsi_trailing_diagnostics_usdjpy_zero.csv,-1.8186031523960775,-0.0008812975163668,0.0004846013354841,-0.000889530699218,422,-0.0007285928489247,0.4834123222748815,0.7913456451938157,-0.3414889561758211,0 days 01:00:00,USDJPY,grid_rsi_trailing_diagnostics_usdjpy_real.csv,-0.8525185335113563,-0.00041698109066139996,-0.158682493217259
-1.010713414235341,-0.0007282821087559,0.0007205624250143,-0.0009750337581425,578,-0.000602217095238,0.4740484429065744,0.9721351420914992,-0.2083796177295493,0 days 01:00:00,USDJPY,20,120,1.3,4.0,60,40,12,0.5,0.5,4,base,32,1.0,0.2,False,grid_rsi_trailing_diagnostics_usdjpy_zero.csv,-2.026008916448792,-0.0014603478032252,0.0007208002844256,-0.0014848132336593,578,-0.0012074240313589,0.4429065743944637,0.9671549549291736,-0.4132440544853474,0 days 01:00:00,USDJPY,grid_rsi_trailing_diagnostics_usdjpy_real.csv,-1.015295502213451,-0.0007320656944692999,-0.2048644367557981
-1.010713414235341,-0.0007282821087559,0.0007205624250143,-0.0009750337581425,578,-0.000602217095238,0.4740484429065744,0.9721351420914992,-0.2083796177295493,0 days 01:00:00,USDJPY,20,120,1.3,4.0,60,40,8,0.5,0.5,4,base,32,1.0,0.2,False,grid_rsi_trailing_diagnostics_usdjpy_zero.csv,-2.026008916448792,-0.0014603478032252,0.0007208002844256,-0.0014848132336593,578,-0.0012074240313589,0.4429065743944637,0.9671549549291736,-0.4132440544853474,0 days 01:00:00,USDJPY,grid_rsi_trailing_diagnostics_usdjpy_real.csv,-1.015295502213451,-0.0007320656944692999,-0.2048644367557981
-1.0649847291960284,-0.0005643637596935,0.0005299266216893,-0.0007302530464301,442,-0.0004666160708525,0.4841628959276018,0.9046429526705376,-0.2111384935982504,0 days 01:00:00,USDJPY,20,120,1.5,3.0,60,40,12,0.5,0.5,4,base,48,1.3,0.4,False,grid_rsi_trailing_diagnostics_usdjpy_zero.csv,-1.9331810198746453,-0.0010228266916749,0.0005290899719992,-0.0010224735458107,442,-0.000845612323137,0.4479638009049774,0.9177210624141472,-0.3787912311764701,0 days 01:00:00,USDJPY,grid_rsi_trailing_diagnostics_usdjpy_real.csv,-0.8681962906786169,-0.0004584629319814,-0.16765273757821972
-1.0649847291960284,-0.0005643637596935,0.0005299266216893,-0.0007302530464301,442,-0.0004666160708525,0.4841628959276018,0.9046429526705376,-0.2111384935982504,0 days 01:00:00,USDJPY,20,120,1.5,3.0,60,40,8,0.5,0.5,4,base,48,1.3,0.4,False,grid_rsi_trailing_diagnostics_usdjpy_zero.csv,-1.9331810198746453,-0.0010228266916749,0.0005290899719992,-0.0010224735458107,442,-0.000845612323137,0.4479638009049774,0.9177210624141472,-0.3787912311764701,0 days 01:00:00,USDJPY,grid_rsi_trailing_diagnostics_usdjpy_real.csv,-0.8681962906786169,-0.0004584629319814,-0.16765273757821972
-1.066134583823288,-0.0006191443224473,0.000580737490221,-0.000721478079822,442,-0.0005119231268011,0.4796380090497738,0.9226459327240352,-0.2316394238916728,0 days 01:00:00,USDJPY,20,120,1.3,3.0,60,40,12,0.5,0.5,4,base,48,1.3,0.4,False,grid_rsi_trailing_diagnostics_usdjpy_zero.csv,-2.0753040661178797,-0.0011994215780682,0.0005779498039108,-0.0011272952277233,444,-0.0009916280338367,0.4414414414414414,0.9293788559287174,-0.4422417665556298,0 days 01:00:00,USDJPY,grid_rsi_trailing_diagnostics_usdjpy_real.csv,-1.0091694822945916,-0.0005802772556209001,-0.210602342663957
-1.066134583823288,-0.0006191443224473,0.000580737490221,-0.000721478079822,442,-0.0005119231268011,0.4796380090497738,0.9226459327240352,-0.2316394238916728,0 days 01:00:00,USDJPY,20,120,1.3,3.0,60,40,8,0.5,0.5,4,base,48,1.3,0.4,False,grid_rsi_trailing_diagnostics_usdjpy_zero.csv,-2.0753040661178797,-0.0011994215780682,0.0005779498039108,-0.0011272952277233,444,-0.0009916280338367,0.4414414414414414,0.9293788559287174,-0.4422417665556298,0 days 01:00:00,USDJPY,grid_rsi_trailing_diagnostics_usdjpy_real.csv,-1.0091694822945916,-0.0005802772556209001,-0.210602342663957
-1.090916097448234,-0.0007315049927417,0.0006705419366831,-0.0010990361993552,528,-0.0006048525850924,0.4545454545454545,1.0207682400232825,-0.2291108276863376,0 days 01:00:00,USDJPY,20,120,1.3,4.0,60,40,8,0.5,0.5,4,base,48,1.0,0.2,False,grid_rsi_trailing_diagnostics_usdjpy_zero.csv,-2.051185343866823,-0.0013751652560233,0.0006704246693918,-0.0015263251973454,528,-0.0011369697966886,0.428030303030303,0.9886337330641366,-0.4262383749285365,0 days 01:00:00,USDJPY,grid_rsi_trailing_diagnostics_usdjpy_real.csv,-0.9602692464185889,-0.0006436602632816,-0.19712754724219891
-1.090916097448234,-0.0007315049927417,0.0006705419366831,-0.0010990361993552,528,-0.0006048525850924,0.4545454545454545,1.0207682400232825,-0.2291108276863376,0 days 01:00:00,USDJPY,20,120,1.3,4.0,60,40,12,0.5,0.5,4,base,48,1.0,0.2,False,grid_rsi_trailing_diagnostics_usdjpy_zero.csv,-2.051185343866823,-0.0013751652560233,0.0006704246693918,-0.0015263251973454,528,-0.0011369697966886,0.428030303030303,0.9886337330641366,-0.4262383749285365,0 days 01:00:00,USDJPY,grid_rsi_trailing_diagnostics_usdjpy_real.csv,-0.9602692464185889,-0.0006436602632816,-0.19712754724219891
-1.1134423526360098,-0.0007302125633641,0.0006558153294918,-0.0010568198854541,530,-0.0006037761217426,0.460377358490566,0.997373548617568,-0.2278400459405988,0 days 01:00:00,USDJPY,20,120,1.3,3.0,60,40,8,0.5,0.5,4,base,48,1.0,0.2,False,grid_rsi_trailing_diagnostics_usdjpy_zero.csv,-2.0905515988528,-0.0013712539643454,0.0006559292605348,-0.0014819599751219,530,-0.0011337281975219,0.4339622641509434,0.9657457697963354,-0.4233983804381221,0 days 01:00:00,USDJPY,grid_rsi_trailing_diagnostics_usdjpy_real.csv,-0.9771092462167901,-0.0006410414009813,-0.1955583344975233
-1.1134423526360098,-0.0007302125633641,0.0006558153294918,-0.0010568198854541,530,-0.0006037761217426,0.460377358490566,0.997373548617568,-0.2278400459405988,0 days 01:00:00,USDJPY,20,120,1.3,3.0,60,40,12,0.5,0.5,4,base,48,1.0,0.2,False,grid_rsi_trailing_diagnostics_usdjpy_zero.csv,-2.0905515988528,-0.0013712539643454,0.0006559292605348,-0.0014819599751219,530,-0.0011337281975219,0.4339622641509434,0.9657457697963354,-0.4233983804381221,0 days 01:00:00,USDJPY,grid_rsi_trailing_diagnostics_usdjpy_real.csv,-0.9771092462167901,-0.0006410414009813,-0.1955583344975233
-1.1140791558198702,-0.0007742293366909,0.0006949500245529,-0.0009031260324073,578,-0.0006401849428001,0.4775086505190311,0.9484414363571544,-0.2215172812455172,0 days 01:00:00,USDJPY,20,120,1.3,4.0,60,40,12,0.5,0.5,4,base,32,1.0,0.4,False,grid_rsi_trailing_diagnostics_usdjpy_zero.csv,-2.171325234913789,-0.0015085915626873,0.0006947791783699,-0.001425520690737,578,-0.0012472951810984,0.4498269896193771,0.927554363680388,-0.4270310619346202,0 days 01:00:00,USDJPY,grid_rsi_trailing_diagnostics_usdjpy_real.csv,-1.0572460790939187,-0.0007343622259964001,-0.205513780689103
-1.1140791558198702,-0.0007742293366909,0.0006949500245529,-0.0009031260324073,578,-0.0006401849428001,0.4775086505190311,0.9484414363571544,-0.2215172812455172,0 days 01:00:00,USDJPY,20,120,1.3,4.0,60,40,8,0.5,0.5,4,base,32,1.0,0.4,False,grid_rsi_trailing_diagnostics_usdjpy_zero.csv,-2.171325234913789,-0.0015085915626873,0.0006947791783699,-0.001425520690737,578,-0.0012472951810984,0.4498269896193771,0.927554363680388,-0.4270310619346202,0 days 01:00:00,USDJPY,grid_rsi_trailing_diagnostics_usdjpy_real.csv,-1.0572460790939187,-0.0007343622259964001,-0.205513780689103
-1.156248054423711,-0.0007975272920405,0.0006897544942793,-0.0009223776415164,578,-0.0006594416185238,0.4775086505190311,0.9440554174320736,-0.2281804908386658,0 days 01:00:00,USDJPY,20,120,1.3,3.0,60,40,8,0.5,0.5,4,base,32,1.0,0.4,False,grid_rsi_trailing_diagnostics_usdjpy_zero.csv,-2.217108614622218,-0.0015292785887663,0.0006897625938037,-0.0014426182276788,578,-0.0012643957696081,0.4498269896193771,0.923456625739306,-0.4329482636290478,0 days 01:00:00,USDJPY,grid_rsi_trailing_diagnostics_usdjpy_real.csv,-1.060860560198507,-0.0007317512967258001,-0.20476777279038202
-1.156248054423711,-0.0007975272920405,0.0006897544942793,-0.0009223776415164,578,-0.0006594416185238,0.4775086505190311,0.9440554174320736,-0.2281804908386658,0 days 01:00:00,USDJPY,20,120,1.3,3.0,60,40,12,0.5,0.5,4,base,32,1.0,0.4,False,grid_rsi_trailing_diagnostics_usdjpy_zero.csv,-2.217108614622218,-0.0015292785887663,0.0006897625938037,-0.0014426182276788,578,-0.0012643957696081,0.4498269896193771,0.923456625739306,-0.4329482636290478,0 days 01:00:00,USDJPY,grid_rsi_trailing_diagnostics_usdjpy_real.csv,-1.060860560198507,-0.0007317512967258001,-0.20476777279038202
-1.192859277401778,-0.0006837047521714,0.0005731646348601,-0.0007801746187564,352,-0.0005652882394034,0.5056818181818182,0.8099055367306637,-0.3211864996608815,0 days 01:00:00,USDJPY,20,120,1.3,3.0,60,40,8,0.5,0.5,4,base,32,1.6,0.4,False,grid_rsi_trailing_diagnostics_usdjpy_zero.csv,-2.000859160302982,-0.0011518862152688,0.0005756958001453,-0.0011439196077211,352,-0.0009523283931871,0.4659090909090909,0.8368329822616964,-0.5364710849476403,0 days 01:00:00,USDJPY,grid_rsi_trailing_diagnostics_usdjpy_real.csv,-0.8079998829012041,-0.00046818146309739997,-0.2152845852867588
-1.192859277401778,-0.0006837047521714,0.0005731646348601,-0.0007801746187564,352,-0.0005652882394034,0.5056818181818182,0.8099055367306637,-0.3211864996608815,0 days 01:00:00,USDJPY,20,120,1.3,3.0,60,40,12,0.5,0.5,4,base,32,1.6,0.4,False,grid_rsi_trailing_diagnostics_usdjpy_zero.csv,-2.000859160302982,-0.0011518862152688,0.0005756958001453,-0.0011439196077211,352,-0.0009523283931871,0.4659090909090909,0.8368329822616964,-0.5364710849476403,0 days 01:00:00,USDJPY,grid_rsi_trailing_diagnostics_usdjpy_real.csv,-0.8079998829012041,-0.00046818146309739997,-0.2152845852867588
-1.200470146672014,-0.0006877782212086,0.0005729240523934,-0.0007835411241974,352,-0.0005686554688255,0.5056818181818182,0.8089068132772733,-0.3230996981959474,0 days 01:00:00,USDJPY,20,120,1.3,4.0,60,40,8,0.5,0.5,4,base,32,1.6,0.4,False,grid_rsi_trailing_diagnostics_usdjpy_zero.csv,-2.010508845411361,-0.0011568589662804,0.000575406056492,-0.00114802975307,352,-0.0009564393269061,0.4659090909090909,0.8354848321213313,-0.5388068510552155,0 days 01:00:00,USDJPY,grid_rsi_trailing_diagnostics_usdjpy_real.csv,-0.8100386987393471,-0.0004690807450718,-0.21570715285926811
-1.200470146672014,-0.0006877782212086,0.0005729240523934,-0.0007835411241974,352,-0.0005686554688255,0.5056818181818182,0.8089068132772733,-0.3230996981959474,0 days 01:00:00,USDJPY,20,120,1.3,4.0,60,40,12,0.5,0.5,4,base,32,1.6,0.4,False,grid_rsi_trailing_diagnostics_usdjpy_zero.csv,-2.010508845411361,-0.0011568589662804,0.000575406056492,-0.00114802975307,352,-0.0009564393269061,0.4659090909090909,0.8354848321213313,-0.5388068510552155,0 days 01:00:00,USDJPY,grid_rsi_trailing_diagnostics_usdjpy_real.csv,-0.8100386987393471,-0.0004690807450718,-0.21570715285926811
-1.2370844659409377,-0.0006601983972978,0.0005336728537736,-0.0008229030223121,422,-0.0005458386474592,0.5118483412322274,0.7785788726100427,-0.2586913021133673,0 days 01:00:00,USDJPY,20,120,1.3,4.0,60,40,8,0.5,0.5,4,base,64,1.3,0.4,False,grid_rsi_trailing_diagnostics_usdjpy_zero.csv,-2.2554513722341305,-0.0012088462929604,0.0005359664623418,-0.0012097290999435,422,-0.0009994003942296,0.4739336492890995,0.7668432932776675,-0.4692493259950517,0 days 01:00:00,USDJPY,grid_rsi_trailing_diagnostics_usdjpy_real.csv,-1.0183669062931928,-0.0005486478956626001,-0.21055802388168438
-1.2370844659409377,-0.0006601983972978,0.0005336728537736,-0.0008229030223121,422,-0.0005458386474592,0.5118483412322274,0.7785788726100427,-0.2586913021133673,0 days 01:00:00,USDJPY,20,120,1.3,4.0,60,40,12,0.5,0.5,4,base,64,1.3,0.4,False,grid_rsi_trailing_diagnostics_usdjpy_zero.csv,-2.2554513722341305,-0.0012088462929604,0.0005359664623418,-0.0012097290999435,422,-0.0009994003942296,0.4739336492890995,0.7668432932776675,-0.4692493259950517,0 days 01:00:00,USDJPY,grid_rsi_trailing_diagnostics_usdjpy_real.csv,-1.0183669062931928,-0.0005486478956626001,-0.21055802388168438
-1.2451356103454938,-0.0007264688805235,0.0005834455897714,-0.0009097775702065,528,-0.0006006443393052,0.4621212121212121,0.9724618332776012,-0.2275167951914751,0 days 01:00:00,USDJPY,20,120,1.5,3.0,60,40,12,0.5,0.5,4,base,48,1.0,0.4,False,grid_rsi_trailing_diagnostics_usdjpy_zero.csv,-2.191167950793451,-0.0012763579451725,0.0005825011928959,-0.001273718534881,528,-0.0010552359474367,0.4356060606060606,0.9466093208283648,-0.3958810784834882,0 days 01:00:00,USDJPY,grid_rsi_trailing_diagnostics_usdjpy_real.csv,-0.9460323404479574,-0.000549889064649,-0.16836428329201308
-1.2451356103454938,-0.0007264688805235,0.0005834455897714,-0.0009097775702065,528,-0.0006006443393052,0.4621212121212121,0.9724618332776012,-0.2275167951914751,0 days 01:00:00,USDJPY,20,120,1.5,3.0,60,40,8,0.5,0.5,4,base,48,1.0,0.4,False,grid_rsi_trailing_diagnostics_usdjpy_zero.csv,-2.191167950793451,-0.0012763579451725,0.0005825011928959,-0.001273718534881,528,-0.0010552359474367,0.4356060606060606,0.9466093208283648,-0.3958810784834882,0 days 01:00:00,USDJPY,grid_rsi_trailing_diagnostics_usdjpy_real.csv,-0.9460323404479574,-0.000549889064649,-0.16836428329201308
-1.2557216510920728,-0.0007497158029673,0.0005970397996365,-0.0008510856502747,350,-0.0006198682676952,0.4914285714285714,0.8437933932786146,-0.354210438683176,0 days 01:00:00,USDJPY,20,120,1.3,3.0,60,40,8,0.5,0.5,4,base,32,1.6,0.2,False,grid_rsi_trailing_diagnostics_usdjpy_zero.csv,-2.023434144028592,-0.0012135397795614,0.000599742661822,-0.0011986615271592,350,-0.0010033105292198,0.4514285714285714,0.8755867350320701,-0.5687051595038568,0 days 01:00:00,USDJPY,grid_rsi_trailing_diagnostics_usdjpy_real.csv,-0.7677124929365193,-0.0004638239765941,-0.21449472082068083
-1.2557216510920728,-0.0007497158029673,0.0005970397996365,-0.0008510856502747,350,-0.0006198682676952,0.4914285714285714,0.8437933932786146,-0.354210438683176,0 days 01:00:00,USDJPY,20,120,1.3,3.0,60,40,12,0.5,0.5,4,base,32,1.6,0.2,False,grid_rsi_trailing_diagnostics_usdjpy_zero.csv,-2.023434144028592,-0.0012135397795614,0.000599742661822,-0.0011986615271592,350,-0.0010033105292198,0.4514285714285714,0.8755867350320701,-0.5687051595038568,0 days 01:00:00,USDJPY,grid_rsi_trailing_diagnostics_usdjpy_real.csv,-0.7677124929365193,-0.0004638239765941,-0.21449472082068083
-1.2630327243341624,-0.000753789002971,0.0005968087670637,-0.0008544519168077,350,-0.0006232353132304,0.4914285714285714,0.8427551202074651,-0.3561344647027696,0 days 01:00:00,USDJPY,20,120,1.3,4.0,60,40,8,0.5,0.5,4,base,32,1.6,0.2,False,grid_rsi_trailing_diagnostics_usdjpy_zero.csv,-2.0326680105447172,-0.0012185122236824,0.0005994644562521,-0.0012027714472511,350,-0.0010074212531524,0.4514285714285714,0.8741833942209144,-0.5710541528309707,0 days 01:00:00,USDJPY,grid_rsi_trailing_diagnostics_usdjpy_real.csv,-0.7696352862105549,-0.0004647232207114,-0.21491968812820111
-1.2630327243341624,-0.000753789002971,0.0005968087670637,-0.0008544519168077,350,-0.0006232353132304,0.4914285714285714,0.8427551202074651,-0.3561344647027696,0 days 01:00:00,USDJPY,20,120,1.3,4.0,60,40,12,0.5,0.5,4,base,32,1.6,0.2,False,grid_rsi_trailing_diagnostics_usdjpy_zero.csv,-2.0326680105447172,-0.0012185122236824,0.0005994644562521,-0.0012027714472511,350,-0.0010074212531524,0.4514285714285714,0.8741833942209144,-0.5710541528309707,0 days 01:00:00,USDJPY,grid_rsi_trailing_diagnostics_usdjpy_real.csv,-0.7696352862105549,-0.0004647232207114,-0.21491968812820111
-1.2918978826911047,-0.0007157721498857,0.0005540470028441,-0.0009673602642611,544,-0.0005917879974726,0.5,0.8284200989974979,-0.2175691167179954,0 days 01:00:00,USDJPY,20,120,1.5,3.0,60,40,12,0.5,0.5,4,base,64,1.0,0.2,False,grid_rsi_trailing_diagnostics_usdjpy_zero.csv,-2.33331748819444,-0.0012919540193079,0.0005536983397435,-0.001339329222137,544,-0.0010681163126686,0.4595588235294117,0.8376337139552039,-0.3888583735845899,0 days 01:00:00,USDJPY,grid_rsi_trailing_diagnostics_usdjpy_real.csv,-1.0414196055033353,-0.0005761818694222,-0.17128925686659452
-1.2918978826911047,-0.0007157721498857,0.0005540470028441,-0.0009673602642611,544,-0.0005917879974726,0.5,0.8284200989974979,-0.2175691167179954,0 days 01:00:00,USDJPY,20,120,1.5,3.0,60,40,8,0.5,0.5,4,base,64,1.0,0.2,False,grid_rsi_trailing_diagnostics_usdjpy_zero.csv,-2.33331748819444,-0.0012919540193079,0.0005536983397435,-0.001339329222137,544,-0.0010681163126686,0.4595588235294117,0.8376337139552039,-0.3888583735845899,0 days 01:00:00,USDJPY,grid_rsi_trailing_diagnostics_usdjpy_real.csv,-1.0414196055033353,-0.0005761818694222,-0.17128925686659452
-1.350382311084848,-0.0007433013331499,0.0005504376997894,-0.000985767011529,544,-0.0006145435918538,0.5,0.8218228240156586,-0.2259351440640721,0 days 01:00:00,USDJPY,20,120,1.5,4.0,60,40,12,0.5,0.5,4,base,64,1.0,0.2,False,grid_rsi_trailing_diagnostics_usdjpy_zero.csv,-2.4072341333922584,-0.0013233053992607,0.0005497202706227,-0.0013595422080495,544,-0.0010940339955027,0.4595588235294117,0.8293426345337941,-0.3983869497668387,0 days 01:00:00,USDJPY,grid_rsi_trailing_diagnostics_usdjpy_real.csv,-1.0568518223074104,-0.0005800040661108,-0.17245180570276658
-1.350382311084848,-0.0007433013331499,0.0005504376997894,-0.000985767011529,544,-0.0006145435918538,0.5,0.8218228240156586,-0.2259351440640721,0 days 01:00:00,USDJPY,20,120,1.5,4.0,60,40,8,0.5,0.5,4,base,64,1.0,0.2,False,grid_rsi_trailing_diagnostics_usdjpy_zero.csv,-2.4072341333922584,-0.0013233053992607,0.0005497202706227,-0.0013595422080495,544,-0.0010940339955027,0.4595588235294117,0.8293426345337941,-0.3983869497668387,0 days 01:00:00,USDJPY,grid_rsi_trailing_diagnostics_usdjpy_real.csv,-1.0568518223074104,-0.0005800040661108,-0.17245180570276658
-1.3769982617829029,-0.000797252679379,0.0005789787115248,-0.0009682717020929,526,-0.0006591565701373,0.4638783269961977,0.9450310963624492,-0.25062987457693,0 days 01:00:00,USDJPY,20,120,1.5,4.0,60,40,8,0.5,0.5,4,base,48,1.0,0.4,False,grid_rsi_trailing_diagnostics_usdjpy_zero.csv,-2.335783141522847,-0.0013492425327372,0.000577640324888,-0.00133395981273,526,-0.0011154904037418,0.4372623574144487,0.9167318650052612,-0.4203065589882224,0 days 01:00:00,USDJPY,grid_rsi_trailing_diagnostics_usdjpy_real.csv,-0.9587848797399441,-0.0005519898533581999,-0.1696766844112924
-1.3769982617829029,-0.000797252679379,0.0005789787115248,-0.0009682717020929,526,-0.0006591565701373,0.4638783269961977,0.9450310963624492,-0.25062987457693,0 days 01:00:00,USDJPY,20,120,1.5,4.0,60,40,12,0.5,0.5,4,base,48,1.0,0.4,False,grid_rsi_trailing_diagnostics_usdjpy_zero.csv,-2.335783141522847,-0.0013492425327372,0.000577640324888,-0.00133395981273,526,-0.0011154904037418,0.4372623574144487,0.9167318650052612,-0.4203065589882224,0 days 01:00:00,USDJPY,grid_rsi_trailing_diagnostics_usdjpy_real.csv,-0.9587848797399441,-0.0005519898533581999,-0.1696766844112924
-1.38941578415043,-0.0008499280187252,0.0006117161100519,-0.0011652765290524,544,-0.0007027179069531,0.4963235294117647,0.8310627074960246,-0.2583521716734753,0 days 01:00:00,USDJPY,20,120,1.3,3.0,60,40,12,0.5,0.5,4,base,64,1.0,0.2,False,grid_rsi_trailing_diagnostics_usdjpy_zero.csv,-2.467382172227987,-0.0015071827677161,0.0006108428538879,-0.0015899599130345,544,-0.0012460852062553,0.4558823529411764,0.8375601681410743,-0.4536993943396972,0 days 01:00:00,USDJPY,grid_rsi_trailing_diagnostics_usdjpy_real.csv,-1.0779663880775572,-0.0006572547489909,-0.1953472226662219
-1.38941578415043,-0.0008499280187252,0.0006117161100519,-0.0011652765290524,544,-0.0007027179069531,0.4963235294117647,0.8310627074960246,-0.2583521716734753,0 days 01:00:00,USDJPY,20,120,1.3,3.0,60,40,8,0.5,0.5,4,base,64,1.0,0.2,False,grid_rsi_trailing_diagnostics_usdjpy_zero.csv,-2.467382172227987,-0.0015071827677161,0.0006108428538879,-0.0015899599130345,544,-0.0012460852062553,0.4558823529411764,0.8375601681410743,-0.4536993943396972,0 days 01:00:00,USDJPY,grid_rsi_trailing_diagnostics_usdjpy_real.csv,-1.0779663880775572,-0.0006572547489909,-0.1953472226662219
-1.4078634747988887,-0.0008604636348252,0.0006111840034405,-0.0011689747475972,544,-0.0007114271877571,0.4963235294117647,0.8287884840027891,-0.2615541131464508,0 days 01:00:00,USDJPY,20,120,1.3,4.0,60,40,12,0.5,0.5,4,base,64,1.0,0.2,False,grid_rsi_trailing_diagnostics_usdjpy_zero.csv,-2.493193271315504,-0.0015209993176856,0.0006100607342338,-0.0015948061485146,544,-0.0012575079401266,0.4558823529411764,0.8342709107884181,-0.4578988836390935,0 days 01:00:00,USDJPY,grid_rsi_trailing_diagnostics_usdjpy_real.csv,-1.0853297965166153,-0.0006605356828603999,-0.1963447704926427
-1.4078634747988887,-0.0008604636348252,0.0006111840034405,-0.0011689747475972,544,-0.0007114271877571,0.4963235294117647,0.8287884840027891,-0.2615541131464508,0 days 01:00:00,USDJPY,20,120,1.3,4.0,60,40,8,0.5,0.5,4,base,64,1.0,0.2,False,grid_rsi_trailing_diagnostics_usdjpy_zero.csv,-2.493193271315504,-0.0015209993176856,0.0006100607342338,-0.0015948061485146,544,-0.0012575079401266,0.4558823529411764,0.8342709107884181,-0.4578988836390935,0 days 01:00:00,USDJPY,grid_rsi_trailing_diagnostics_usdjpy_real.csv,-1.0853297965166153,-0.0006605356828603999,-0.1963447704926427
-1.4430805991591065,-0.0008375128564732,0.0005803645735112,-0.0009019562754983,440,-0.0006924391698832,0.4727272727272727,0.8917926837226287,-0.3147450772192882,0 days 01:00:00,USDJPY,20,120,1.3,4.0,60,40,8,0.5,0.5,4,base,48,1.3,0.4,False,grid_rsi_trailing_diagnostics_usdjpy_zero.csv,-2.452484892340576,-0.0014169276846686,0.0005777518504166,-0.0013070921043833,442,-0.001171449330563,0.4298642533936652,0.9136064394537003,-0.5256240283312585,0 days 01:00:00,USDJPY,grid_rsi_trailing_diagnostics_usdjpy_real.csv,-1.0094042931814697,-0.0005794148281954,-0.21087895111197036
-1.4430805991591065,-0.0008375128564732,0.0005803645735112,-0.0009019562754983,440,-0.0006924391698832,0.4727272727272727,0.8917926837226287,-0.3147450772192882,0 days 01:00:00,USDJPY,20,120,1.3,4.0,60,40,12,0.5,0.5,4,base,48,1.3,0.4,False,grid_rsi_trailing_diagnostics_usdjpy_zero.csv,-2.452484892340576,-0.0014169276846686,0.0005777518504166,-0.0013070921043833,442,-0.001171449330563,0.4298642533936652,0.9136064394537003,-0.5256240283312585,0 days 01:00:00,USDJPY,grid_rsi_trailing_diagnostics_usdjpy_real.csv,-1.0094042931814697,-0.0005794148281954,-0.21087895111197036
-1.4435530933552565,-0.0009292032821698,0.0006436917952287,-0.0011167958873253,530,-0.0007682698900771,0.460377358490566,0.9497488023650932,-0.2899131660669494,0 days 01:00:00,USDJPY,20,120,1.3,3.0,60,40,8,0.5,0.5,4,base,48,1.0,0.4,False,grid_rsi_trailing_diagnostics_usdjpy_zero.csv,-2.4455608614979236,-0.0015738908641653,0.0006435705154364,-0.0015434789641143,530,-0.0013012547441163,0.4339622641509434,0.9151646844705764,-0.4866162504163188,0 days 01:00:00,USDJPY,grid_rsi_trailing_diagnostics_usdjpy_real.csv,-1.0020077681426671,-0.0006446875819955,-0.1967030843493694
-1.4435530933552565,-0.0009292032821698,0.0006436917952287,-0.0011167958873253,530,-0.0007682698900771,0.460377358490566,0.9497488023650932,-0.2899131660669494,0 days 01:00:00,USDJPY,20,120,1.3,3.0,60,40,12,0.5,0.5,4,base,48,1.0,0.4,False,grid_rsi_trailing_diagnostics_usdjpy_zero.csv,-2.4455608614979236,-0.0015738908641653,0.0006435705154364,-0.0015434789641143,530,-0.0013012547441163,0.4339622641509434,0.9151646844705764,-0.4866162504163188,0 days 01:00:00,USDJPY,grid_rsi_trailing_diagnostics_usdjpy_real.csv,-1.0020077681426671,-0.0006446875819955,-0.1967030843493694
-1.4478463777289547,-0.0007908384261008,0.0005462170837083,-0.0009787401403578,546,-0.0006538388908838,0.5018315018315018,0.8045116856711269,-0.2395014252321554,0 days 01:00:00,USDJPY,20,120,1.5,3.0,60,40,8,0.5,0.5,4,base,64,1.0,0.4,False,grid_rsi_trailing_diagnostics_usdjpy_zero.csv,-2.517516783970186,-0.0013734532474342,0.0005455587252404,-0.0013546920410554,546,-0.001135491726835,0.4615384615384615,0.8096149267523732,-0.4120934190291545,0 days 01:00:00,USDJPY,grid_rsi_trailing_diagnostics_usdjpy_real.csv,-1.0696704062412314,-0.0005826148213334,-0.17259199379699908
-1.4478463777289547,-0.0007908384261008,0.0005462170837083,-0.0009787401403578,546,-0.0006538388908838,0.5018315018315018,0.8045116856711269,-0.2395014252321554,0 days 01:00:00,USDJPY,20,120,1.5,3.0,60,40,12,0.5,0.5,4,base,64,1.0,0.4,False,grid_rsi_trailing_diagnostics_usdjpy_zero.csv,-2.517516783970186,-0.0013734532474342,0.0005455587252404,-0.0013546920410554,546,-0.001135491726835,0.4615384615384615,0.8096149267523732,-0.4120934190291545,0 days 01:00:00,USDJPY,grid_rsi_trailing_diagnostics_usdjpy_real.csv,-1.0696704062412314,-0.0005826148213334,-0.17259199379699908
-1.466881020149792,-0.0007720273365673,0.0005263053553508,-0.0008866689349173,440,-0.0006382795810562,0.4772727272727273,0.8711264792579744,-0.2901270822980097,0 days 01:00:00,USDJPY,20,120,1.5,4.0,60,40,8,0.5,0.5,4,base,48,1.3,0.4,False,grid_rsi_trailing_diagnostics_usdjpy_zero.csv,-2.3422863910843006,-0.0012307454040103,0.0005254461660602,-0.0011783166409476,440,-0.0010175004184368,0.4363636363636363,0.8978506061899162,-0.4586562173071574,0 days 01:00:00,USDJPY,grid_rsi_trailing_diagnostics_usdjpy_real.csv,-0.8754053709345087,-0.00045871806744299996,-0.16852913500914768
-1.466881020149792,-0.0007720273365673,0.0005263053553508,-0.0008866689349173,440,-0.0006382795810562,0.4772727272727273,0.8711264792579744,-0.2901270822980097,0 days 01:00:00,USDJPY,20,120,1.5,4.0,60,40,12,0.5,0.5,4,base,48,1.3,0.4,False,grid_rsi_trailing_diagnostics_usdjpy_zero.csv,-2.3422863910843006,-0.0012307454040103,0.0005254461660602,-0.0011783166409476,440,-0.0010175004184368,0.4363636363636363,0.8978506061899162,-0.4586562173071574,0 days 01:00:00,USDJPY,grid_rsi_trailing_diagnostics_usdjpy_real.csv,-0.8754053709345087,-0.00045871806744299996,-0.16852913500914768
-1.5550060000077413,-0.0009365299663522,0.0006022677509589,-0.0011784039303594,546,-0.0007743054622139,0.4981684981684982,0.8063676467655224,-0.2836283744377346,0 days 01:00:00,USDJPY,20,120,1.3,3.0,60,40,12,0.5,0.5,4,base,64,1.0,0.4,False,grid_rsi_trailing_diagnostics_usdjpy_zero.csv,-2.6641677251956466,-0.0016011986332844,0.0006010126983153,-0.0016076811435258,546,-0.0013238104575145,0.4578754578754578,0.808629322466856,-0.4804849812432208,0 days 01:00:00,USDJPY,grid_rsi_trailing_diagnostics_usdjpy_real.csv,-1.1091617251879053,-0.0006646686669322,-0.19685660680548622
-1.5550060000077413,-0.0009365299663522,0.0006022677509589,-0.0011784039303594,546,-0.0007743054622139,0.4981684981684982,0.8063676467655224,-0.2836283744377346,0 days 01:00:00,USDJPY,20,120,1.3,3.0,60,40,8,0.5,0.5,4,base,64,1.0,0.4,False,grid_rsi_trailing_diagnostics_usdjpy_zero.csv,-2.6641677251956466,-0.0016011986332844,0.0006010126983153,-0.0016076811435258,546,-0.0013238104575145,0.4578754578754578,0.808629322466856,-0.4804849812432208,0 days 01:00:00,USDJPY,grid_rsi_trailing_diagnostics_usdjpy_real.csv,-1.1091617251879053,-0.0006646686669322,-0.19685660680548622
-1.5937859432811117,-0.0010270429982335,0.000644404603117,-0.0011976515997991,528,-0.0008491538143755,0.4545454545454545,0.9483517909328392,-0.3216491721120809,0 days 01:00:00,USDJPY,20,120,1.3,4.0,60,40,12,0.5,0.5,4,base,48,1.0,0.4,False,grid_rsi_trailing_diagnostics_usdjpy_zero.csv,-2.599677118147046,-0.0016742909444301,0.0006440380356248,-0.0016264685751784,528,-0.0013842644883483,0.428030303030303,0.912190480688462,-0.5199110846915435,0 days 01:00:00,USDJPY,grid_rsi_trailing_diagnostics_usdjpy_real.csv,-1.0058911748659345,-0.0006472479461966001,-0.19826191257946257
-1.5937859432811117,-0.0010270429982335,0.000644404603117,-0.0011976515997991,528,-0.0008491538143755,0.4545454545454545,0.9483517909328392,-0.3216491721120809,0 days 01:00:00,USDJPY,20,120,1.3,4.0,60,40,8,0.5,0.5,4,base,48,1.0,0.4,False,grid_rsi_trailing_diagnostics_usdjpy_zero.csv,-2.599677118147046,-0.0016742909444301,0.0006440380356248,-0.0016264685751784,528,-0.0013842644883483,0.428030303030303,0.912190480688462,-0.5199110846915435,0 days 01:00:00,USDJPY,grid_rsi_trailing_diagnostics_usdjpy_real.csv,-1.0058911748659345,-0.0006472479461966001,-0.19826191257946257
-1.59478826820087,-0.0008536494258042,0.0005352744579487,-0.0010306424738366,546,-0.0007057581040165,0.5018315018315018,0.7895629159531306,-0.258519452020543,0 days 01:00:00,USDJPY,20,120,1.5,4.0,60,40,8,0.5,0.5,4,base,64,1.0,0.4,False,grid_rsi_trailing_diagnostics_usdjpy_zero.csv,-2.692342340838809,-0.0014384230423351,0.0005342645400313,-0.001408389380584,546,-0.0011892008528043,0.4615384615384615,0.7925586749739133,-0.4317672150985686,0 days 01:00:00,USDJPY,grid_rsi_trailing_diagnostics_usdjpy_real.csv,-1.0975540726379391,-0.0005847736165308999,-0.17324776307802559
-1.59478826820087,-0.0008536494258042,0.0005352744579487,-0.0010306424738366,546,-0.0007057581040165,0.5018315018315018,0.7895629159531306,-0.258519452020543,0 days 01:00:00,USDJPY,20,120,1.5,4.0,60,40,12,0.5,0.5,4,base,64,1.0,0.4,False,grid_rsi_trailing_diagnostics_usdjpy_zero.csv,-2.692342340838809,-0.0014384230423351,0.0005342645400313,-0.001408389380584,546,-0.0011892008528043,0.4615384615384615,0.7925586749739133,-0.4317672150985686,0 days 01:00:00,USDJPY,grid_rsi_trailing_diagnostics_usdjpy_real.csv,-1.0975540726379391,-0.0005847736165308999,-0.17324776307802559
-1.6657688999644271,-0.0009877714374987,0.0005929822783459,-0.0012207431401474,546,-0.0008166618013973,0.4981684981684982,0.7953699374397825,-0.2991435169955524,0 days 01:00:00,USDJPY,20,120,1.3,4.0,60,40,8,0.5,0.5,4,base,64,1.0,0.4,False,grid_rsi_trailing_diagnostics_usdjpy_zero.csv,-2.7959525877023945,-0.0016537990299801,0.0005914975229745,-0.0016511534601251,546,-0.0013672951345006,0.4578754578754578,0.7961790662630347,-0.4964135321276129,0 days 01:00:00,USDJPY,grid_rsi_trailing_diagnostics_usdjpy_real.csv,-1.1301836877379674,-0.0006660275924814001,-0.1972700151320605
-1.6657688999644271,-0.0009877714374987,0.0005929822783459,-0.0012207431401474,546,-0.0008166618013973,0.4981684981684982,0.7953699374397825,-0.2991435169955524,0 days 01:00:00,USDJPY,20,120,1.3,4.0,60,40,12,0.5,0.5,4,base,64,1.0,0.4,False,grid_rsi_trailing_diagnostics_usdjpy_zero.csv,-2.7959525877023945,-0.0016537990299801,0.0005914975229745,-0.0016511534601251,546,-0.0013672951345006,0.4578754578754578,0.7961790662630347,-0.4964135321276129,0 days 01:00:00,USDJPY,grid_rsi_trailing_diagnostics_usdjpy_real.csv,-1.1301836877379674,-0.0006660275924814001,-0.1972700151320605
-1.877549909828511,-0.0010689601096611,0.0005693377864766,-0.0010065699166087,454,-0.0008837692631542,0.4757709251101321,0.8379676558070454,-0.3893256665877955,0 days 01:00:00,USDJPY,20,120,1.5,3.0,60,40,12,0.5,0.5,4,base,32,1.3,0.4,False,grid_rsi_trailing_diagnostics_usdjpy_zero.csv,-2.7145651173424783,-0.0015433864894909,0.0005685575489166,-0.0013648829011147,454,-0.0012759968850922,0.4405286343612334,0.8557267256720734,-0.558149709181837,0 days 01:00:00,USDJPY,grid_rsi_trailing_diagnostics_usdjpy_real.csv,-0.8370152075139672,-0.0004744263798298,-0.16882404259404155
-1.877549909828511,-0.0010689601096611,0.0005693377864766,-0.0010065699166087,454,-0.0008837692631542,0.4757709251101321,0.8379676558070454,-0.3893256665877955,0 days 01:00:00,USDJPY,20,120,1.5,3.0,60,40,8,0.5,0.5,4,base,32,1.3,0.4,False,grid_rsi_trailing_diagnostics_usdjpy_zero.csv,-2.7145651173424783,-0.0015433864894909,0.0005685575489166,-0.0013648829011147,454,-0.0012759968850922,0.4405286343612334,0.8557267256720734,-0.558149709181837,0 days 01:00:00,USDJPY,grid_rsi_trailing_diagnostics_usdjpy_real.csv,-0.8370152075139672,-0.0004744263798298,-0.16882404259404155
-1.982107563401751,-0.0011713568196325,0.0005909653145272,-0.0011315774977081,454,-0.0009684324997197,0.4625550660792951,0.8660289631198305,-0.4266222465725739,0 days 01:00:00,USDJPY,20,120,1.5,3.0,60,40,12,0.5,0.5,4,base,32,1.3,0.2,False,grid_rsi_trailing_diagnostics_usdjpy_zero.csv,-2.7819339193277153,-0.0016431535224976,0.0005906515288094,-0.0014697458164961,454,-0.0013584931151747,0.4273127753303964,0.8880819679433051,-0.5944940930456687,0 days 01:00:00,USDJPY,grid_rsi_trailing_diagnostics_usdjpy_real.csv,-0.7998263559259642,-0.0004717967028650999,-0.16787184647309478
-1.982107563401751,-0.0011713568196325,0.0005909653145272,-0.0011315774977081,454,-0.0009684324997197,0.4625550660792951,0.8660289631198305,-0.4266222465725739,0 days 01:00:00,USDJPY,20,120,1.5,3.0,60,40,8,0.5,0.5,4,base,32,1.3,0.2,False,grid_rsi_trailing_diagnostics_usdjpy_zero.csv,-2.7819339193277153,-0.0016431535224976,0.0005906515288094,-0.0014697458164961,454,-0.0013584931151747,0.4273127753303964,0.8880819679433051,-0.5944940930456687,0 days 01:00:00,USDJPY,grid_rsi_trailing_diagnostics_usdjpy_real.csv,-0.7998263559259642,-0.0004717967028650999,-0.16787184647309478
-1.9881281477304071,-0.0011168925172404,0.0005617809488364,-0.0010461877626507,454,-0.0009233919791955,0.4757709251101321,0.8261313757316886,-0.4067806075753547,0 days 01:00:00,USDJPY,20,120,1.5,4.0,60,40,12,0.5,0.5,4,base,32,1.3,0.4,False,grid_rsi_trailing_diagnostics_usdjpy_zero.csv,-2.841161551761116,-0.0015932841778083,0.0005607861956391,-0.0014061299777324,454,-0.0013172476330087,0.4405286343612334,0.8422301469912445,-0.5763219240109273,0 days 01:00:00,USDJPY,grid_rsi_trailing_diagnostics_usdjpy_real.csv,-0.8530334040307088,-0.0004763916605678999,-0.16954131643557258
-1.9881281477304071,-0.0011168925172404,0.0005617809488364,-0.0010461877626507,454,-0.0009233919791955,0.4757709251101321,0.8261313757316886,-0.4067806075753547,0 days 01:00:00,USDJPY,20,120,1.5,4.0,60,40,8,0.5,0.5,4,base,32,1.3,0.4,False,grid_rsi_trailing_diagnostics_usdjpy_zero.csv,-2.841161551761116,-0.0015932841778083,0.0005607861956391,-0.0014061299777324,454,-0.0013172476330087,0.4405286343612334,0.8422301469912445,-0.5763219240109273,0 days 01:00:00,USDJPY,grid_rsi_trailing_diagnostics_usdjpy_real.csv,-0.8530334040307088,-0.0004763916605678999,-0.16954131643557258
-2.088934635743655,-0.0012192843153217,0.0005836871553846,-0.0011711903862286,454,-0.0010080518582061,0.4625550660792951,0.8539182790118451,-0.4440757084611529,0 days 01:00:00,USDJPY,20,120,1.5,4.0,60,40,12,0.5,0.5,4,base,32,1.3,0.2,False,grid_rsi_trailing_diagnostics_usdjpy_zero.csv,-2.903161634876809,-0.0016930462258,0.0005831732568592,-0.0015109885619148,454,-0.001399740455714,0.4273127753303964,0.8742530442166101,-0.6126648068263243,0 days 01:00:00,USDJPY,grid_rsi_trailing_diagnostics_usdjpy_real.csv,-0.8142269991331537,-0.0004737619104783,-0.16858909836517139
-2.088934635743655,-0.0012192843153217,0.0005836871553846,-0.0011711903862286,454,-0.0010080518582061,0.4625550660792951,0.8539182790118451,-0.4440757084611529,0 days 01:00:00,USDJPY,20,120,1.5,4.0,60,40,8,0.5,0.5,4,base,32,1.3,0.2,False,grid_rsi_trailing_diagnostics_usdjpy_zero.csv,-2.903161634876809,-0.0016930462258,0.0005831732568592,-0.0015109885619148,454,-0.001399740455714,0.4273127753303964,0.8742530442166101,-0.6126648068263243,0 days 01:00:00,USDJPY,grid_rsi_trailing_diagnostics_usdjpy_real.csv,-0.8142269991331537,-0.0004737619104783,-0.16858909836517139
-2.1194592745956937,-0.0013442266996246,0.0006342309643487,-0.0012820806480249,460,-0.0011113718835037,0.4565217391304347,0.8800764148875411,-0.4832051667413068,0 days 01:00:00,USDJPY,20,120,1.3,3.0,60,40,8,0.5,0.5,4,base,32,1.3,0.4,False,grid_rsi_trailing_diagnostics_usdjpy_zero.csv,-3.0366185187317507,-0.0019337398286042,0.0006368069669191,-0.001704970420467,460,-0.0015987763771827,0.4260869565217391,0.8746314777551504,-0.6905387199499275,0 days 01:00:00,USDJPY,grid_rsi_trailing_diagnostics_usdjpy_real.csv,-0.917159244136057,-0.0005895131289796001,-0.20733355320862074
-2.1194592745956937,-0.0013442266996246,0.0006342309643487,-0.0012820806480249,460,-0.0011113718835037,0.4565217391304347,0.8800764148875411,-0.4832051667413068,0 days 01:00:00,USDJPY,20,120,1.3,3.0,60,40,12,0.5,0.5,4,base,32,1.3,0.4,False,grid_rsi_trailing_diagnostics_usdjpy_zero.csv,-3.0366185187317507,-0.0019337398286042,0.0006368069669191,-0.001704970420467,460,-0.0015987763771827,0.4260869565217391,0.8746314777551504,-0.6905387199499275,0 days 01:00:00,USDJPY,grid_rsi_trailing_diagnostics_usdjpy_real.csv,-0.917159244136057,-0.0005895131289796001,-0.20733355320862074
-2.218949391819278,-0.0014542642363563,0.0006553841388712,-0.0014332424633673,460,-0.0012023572099082,0.4478260869565217,0.893964878141287,-0.5227640043076786,0 days 01:00:00,USDJPY,20,120,1.3,3.0,60,40,8,0.5,0.5,4,base,32,1.3,0.2,False,grid_rsi_trailing_diagnostics_usdjpy_zero.csv,-3.099916896768907,-0.0020407362689521,0.0006583196701431,-0.0018432226017475,460,-0.0016872567343296,0.417391304347826,0.8916260981642117,-0.7290111913283062,0 days 01:00:00,USDJPY,grid_rsi_trailing_diagnostics_usdjpy_real.csv,-0.8809675049496288,-0.0005864720325958002,-0.2062471870206276
-2.218949391819278,-0.0014542642363563,0.0006553841388712,-0.0014332424633673,460,-0.0012023572099082,0.4478260869565217,0.893964878141287,-0.5227640043076786,0 days 01:00:00,USDJPY,20,120,1.3,3.0,60,40,12,0.5,0.5,4,base,32,1.3,0.2,False,grid_rsi_trailing_diagnostics_usdjpy_zero.csv,-3.099916896768907,-0.0020407362689521,0.0006583196701431,-0.0018432226017475,460,-0.0016872567343296,0.417391304347826,0.8916260981642117,-0.7290111913283062,0 days 01:00:00,USDJPY,grid_rsi_trailing_diagnostics_usdjpy_real.csv,-0.8809675049496288,-0.0005864720325958002,-0.2062471870206276
-2.2385356852060356,-0.001399517831936,0.0006251934428319,-0.0013277801348655,460,-0.0011570791816623,0.4565217391304347,0.8673030866586574,-0.5030779050702865,0 days 01:00:00,USDJPY,20,120,1.3,4.0,60,40,12,0.5,0.5,4,base,32,1.3,0.4,False,grid_rsi_trailing_diagnostics_usdjpy_zero.csv,-3.1730534473209575,-0.0019912913058127,0.0006275631151104,-0.0017525461587081,460,-0.0016463571763124,0.4260869565217391,0.8604701684432869,-0.7112261311049818,0 days 01:00:00,USDJPY,grid_rsi_trailing_diagnostics_usdjpy_real.csv,-0.9345177621149219,-0.0005917734738766999,-0.2081482260346953
-2.2385356852060356,-0.001399517831936,0.0006251934428319,-0.0013277801348655,460,-0.0011570791816623,0.4565217391304347,0.8673030866586574,-0.5030779050702865,0 days 01:00:00,USDJPY,20,120,1.3,4.0,60,40,8,0.5,0.5,4,base,32,1.3,0.4,False,grid_rsi_trailing_diagnostics_usdjpy_zero.csv,-3.1730534473209575,-0.0019912913058127,0.0006275631151104,-0.0017525461587081,460,-0.0016463571763124,0.4260869565217391,0.8604701684432869,-0.7112261311049818,0 days 01:00:00,USDJPY,grid_rsi_trailing_diagnostics_usdjpy_real.csv,-0.9345177621149219,-0.0005917734738766999,-0.2081482260346953
-2.3344480641371095,-0.0015095492773855,0.0006466407630034,-0.0014789350333208,460,-0.0012480603447445,0.4478260869565217,0.8810689383320152,-0.5426349324973371,0 days 01:00:00,USDJPY,20,120,1.3,4.0,60,40,12,0.5,0.5,4,base,32,1.3,0.2,False,grid_rsi_trailing_diagnostics_usdjpy_zero.csv,-3.2312048614248794,-0.0020982815774468,0.0006493805460918,-0.0018907917513055,460,-0.0017348333167517,0.417391304347826,0.8773064735829227,-0.749696769131588,0 days 01:00:00,USDJPY,grid_rsi_trailing_diagnostics_usdjpy_real.csv,-0.8967567972877699,-0.0005887323000613,-0.20706183663425093
-2.3344480641371095,-0.0015095492773855,0.0006466407630034,-0.0014789350333208,460,-0.0012480603447445,0.4478260869565217,0.8810689383320152,-0.5426349324973371,0 days 01:00:00,USDJPY,20,120,1.3,4.0,60,40,8,0.5,0.5,4,base,32,1.3,0.2,False,grid_rsi_trailing_diagnostics_usdjpy_zero.csv,-3.2312048614248794,-0.0020982815774468,0.0006493805460918,-0.0018907917513055,460,-0.0017348333167517,0.417391304347826,0.8773064735829227,-0.749696769131588,0 days 01:00:00,USDJPY,grid_rsi_trailing_diagnostics_usdjpy_real.csv,-0.8967567972877699,-0.0005887323000613,-0.20706183663425093
