sharpe,ann_return,ann_vol,max_drawdown,trades,return_pct,win_rate,rr,expectancy,median_hold,symbol,fast,slow,atr_sl,atr_tp,rsi_long_thresh,rsi_short_thresh,cooldown,trailing_enable_atr_mult,trailing_atr_mult
-0.00047374096877667417,-2.680967755686048e-06,0.005659142722253942,-0.004452638168830282,352,-1.9206760857093386e-05,0.39204545454545453,1.5516479285288454,0.011379260876467224,0 days 10:00:00,EURUSD,20,120,2.0,3.0,55,40,12,1.0,0.5
-0.00047374096877667417,-2.680967755686048e-06,0.005659142722253942,-0.004452638168830282,352,-1.9206760857093386e-05,0.39204545454545453,1.5516479285288454,0.011379260876467224,0 days 10:00:00,EURUSD,20,120,2.0,3.0,60,35,12,1.0,0.5
-0.00047374096877667417,-2.680967755686048e-06,0.005659142722253942,-0.004452638168830282,352,-1.9206760857093386e-05,0.39204545454545453,1.5516479285288454,0.011379260876467224,0 days 10:00:00,EURUSD,20,120,2.0,3.0,55,35,12,1.0,0.5
-0.00047374096877667417,-2.680967755686048e-06,0.005659142722253942,-0.004452638168830282,352,-1.9206760857093386e-05,0.39204545454545453,1.5516479285288454,0.011379260876467224,0 days 10:00:00,EURUSD,20,120,2.0,3.0,55,40,12,0.5,0.5
-0.00047374096877667417,-2.680967755686048e-06,0.005659142722253942,-0.004452638168830282,352,-1.9206760857093386e-05,0.39204545454545453,1.5516479285288454,0.011379260876467224,0 days 10:00:00,EURUSD,20,120,2.0,3.0,60,35,12,0.5,0.5
-0.00047374096877667417,-2.680967755686048e-06,0.005659142722253942,-0.004452638168830282,352,-1.9206760857093386e-05,0.39204545454545453,1.5516479285288454,0.011379260876467224,0 days 10:00:00,EURUSD,20,120,2.0,3.0,55,35,12,0.5,0.5
-0.00047374096877667417,-2.680967755686048e-06,0.005659142722253942,-0.004452638168830282,352,-1.9206760857093386e-05,0.39204545454545453,1.5516479285288454,0.011379260876467224,0 days 10:00:00,EURUSD,20,120,2.0,3.0,60,40,12,0.5,0.5
-0.00047374096877667417,-2.680967755686048e-06,0.005659142722253942,-0.004452638168830282,352,-1.9206760857093386e-05,0.39204545454545453,1.5516479285288454,0.011379260876467224,0 days 10:00:00,EURUSD,20,120,2.0,3.0,60,40,12,1.0,0.5
-0.2021670684155669,-0.0016874167316092148,0.008346644905294989,-0.007412221191758469,174,-0.0017696959733334294,0.20689655172413793,3.498969849747487,-2.011933183141778,0 days 16:00:00,EURUSD,20,180,2.0,,60,40,0,0.5,0.5
-0.2021670684155669,-0.0016874167316092148,0.008346644905294989,-0.007412221191758469,174,-0.0017696959733334294,0.20689655172413793,3.498969849747487,-2.011933183141778,0 days 16:00:00,EURUSD,20,180,2.0,,60,40,0,1.0,0.5
-0.2021670684155669,-0.0016874167316092148,0.008346644905294989,-0.007412221191758469,174,-0.0017696959733334294,0.20689655172413793,3.498969849747487,-2.011933183141778,0 days 16:00:00,EURUSD,20,180,2.0,,60,35,0,1.0,0.5
-0.2021670684155669,-0.0016874167316092148,0.008346644905294989,-0.007412221191758469,174,-0.0017696959733334294,0.20689655172413793,3.498969849747487,-2.011933183141778,0 days 16:00:00,EURUSD,20,180,2.0,,55,40,0,1.0,0.5
-0.2021670684155669,-0.0016874167316092148,0.008346644905294989,-0.007412221191758469,174,-0.0017696959733334294,0.20689655172413793,3.498969849747487,-2.011933183141778,0 days 16:00:00,EURUSD,20,180,2.0,,55,40,0,0.5,0.5
-0.2021670684155669,-0.0016874167316092148,0.008346644905294989,-0.007412221191758469,174,-0.0017696959733334294,0.20689655172413793,3.498969849747487,-2.011933183141778,0 days 16:00:00,EURUSD,20,180,2.0,,55,35,0,1.0,0.5
-0.2021670684155669,-0.0016874167316092148,0.008346644905294989,-0.007412221191758469,174,-0.0017696959733334294,0.20689655172413793,3.498969849747487,-2.011933183141778,0 days 16:00:00,EURUSD,20,180,2.0,,55,35,0,0.5,0.5
-0.2021670684155669,-0.0016874167316092148,0.008346644905294989,-0.007412221191758469,174,-0.0017696959733334294,0.20689655172413793,3.498969849747487,-2.011933183141778,0 days 16:00:00,EURUSD,20,180,2.0,,60,35,0,0.5,0.5
-0.2127371767146511,-0.001758298328097374,0.008265120160242688,-0.007212119976113419,212,-0.0018418342335715376,0.16981132075471697,4.452383481502449,-1.7153971882750731,0 days 13:00:00,EURUSD,20,180,1.5,,60,35,0,0.5,0.5
-0.2127371767146511,-0.001758298328097374,0.008265120160242688,-0.007212119976113419,212,-0.0018418342335715376,0.16981132075471697,4.452383481502449,-1.7153971882750731,0 days 13:00:00,EURUSD,20,180,1.5,,55,35,0,1.0,0.5
-0.2127371767146511,-0.001758298328097374,0.008265120160242688,-0.007212119976113419,212,-0.0018418342335715376,0.16981132075471697,4.452383481502449,-1.7153971882750731,0 days 13:00:00,EURUSD,20,180,1.5,,60,35,0,1.0,0.5
-0.2127371767146511,-0.001758298328097374,0.008265120160242688,-0.007212119976113419,212,-0.0018418342335715376,0.16981132075471697,4.452383481502449,-1.7153971882750731,0 days 13:00:00,EURUSD,20,180,1.5,,55,40,0,1.0,0.5
-0.2127371767146511,-0.001758298328097374,0.008265120160242688,-0.007212119976113419,212,-0.0018418342335715376,0.16981132075471697,4.452383481502449,-1.7153971882750731,0 days 13:00:00,EURUSD,20,180,1.5,,60,40,0,1.0,0.5
-0.2127371767146511,-0.001758298328097374,0.008265120160242688,-0.007212119976113419,212,-0.0018418342335715376,0.16981132075471697,4.452383481502449,-1.7153971882750731,0 days 13:00:00,EURUSD,20,180,1.5,,55,40,0,0.5,0.5
-0.2127371767146511,-0.001758298328097374,0.008265120160242688,-0.007212119976113419,212,-0.0018418342335715376,0.16981132075471697,4.452383481502449,-1.7153971882750731,0 days 13:00:00,EURUSD,20,180,1.5,,60,40,0,0.5,0.5
-0.2127371767146511,-0.001758298328097374,0.008265120160242688,-0.007212119976113419,212,-0.0018418342335715376,0.16981132075471697,4.452383481502449,-1.7153971882750731,0 days 13:00:00,EURUSD,20,180,1.5,,55,35,0,0.5,0.5
-0.22863040892186123,-0.0019365656134553433,0.008470288893710553,-0.006947113574820717,204,-0.0020267687660957545,0.22549019607843138,3.1284950700288876,-1.9648542785248082,1 days 12:30:00,EURUSD,20,120,2.0,,60,40,0,0.5,0.5
-0.22863040892186123,-0.0019365656134553433,0.008470288893710553,-0.006947113574820717,204,-0.0020267687660957545,0.22549019607843138,3.1284950700288876,-1.9648542785248082,1 days 12:30:00,EURUSD,20,120,2.0,,55,35,0,1.0,0.5
-0.22863040892186123,-0.0019365656134553433,0.008470288893710553,-0.006947113574820717,204,-0.0020267687660957545,0.22549019607843138,3.1284950700288876,-1.9648542785248082,1 days 12:30:00,EURUSD,20,120,2.0,,60,40,0,1.0,0.5
-0.22863040892186123,-0.0019365656134553433,0.008470288893710553,-0.006947113574820717,204,-0.0020267687660957545,0.22549019607843138,3.1284950700288876,-1.9648542785248082,1 days 12:30:00,EURUSD,20,120,2.0,,60,35,0,1.0,0.5
-0.22863040892186123,-0.0019365656134553433,0.008470288893710553,-0.006947113574820717,204,-0.0020267687660957545,0.22549019607843138,3.1284950700288876,-1.9648542785248082,1 days 12:30:00,EURUSD,20,120,2.0,,60,35,0,0.5,0.5
-0.22863040892186123,-0.0019365656134553433,0.008470288893710553,-0.006947113574820717,204,-0.0020267687660957545,0.22549019607843138,3.1284950700288876,-1.9648542785248082,1 days 12:30:00,EURUSD,20,120,2.0,,55,40,0,1.0,0.5
-0.22863040892186123,-0.0019365656134553433,0.008470288893710553,-0.006947113574820717,204,-0.0020267687660957545,0.22549019607843138,3.1284950700288876,-1.9648542785248082,1 days 12:30:00,EURUSD,20,120,2.0,,55,40,0,0.5,0.5
-0.22863040892186123,-0.0019365656134553433,0.008470288893710553,-0.006947113574820717,204,-0.0020267687660957545,0.22549019607843138,3.1284950700288876,-1.9648542785248082,1 days 12:30:00,EURUSD,20,120,2.0,,55,35,0,0.5,0.5
-0.27593983338979006,-0.0015064901781475237,0.00545948788777976,-0.004695533080204105,336,-0.0015633435946664775,0.3869047619047619,1.5112827821190653,-0.9082558825397616,0 days 10:00:00,EURUSD,20,180,2.0,3.0,55,40,12,1.0,0.5
-0.27593983338979006,-0.0015064901781475237,0.00545948788777976,-0.004695533080204105,336,-0.0015633435946664775,0.3869047619047619,1.5112827821190653,-0.9082558825397616,0 days 10:00:00,EURUSD,20,180,2.0,3.0,60,35,12,1.0,0.5
-0.27593983338979006,-0.0015064901781475237,0.00545948788777976,-0.004695533080204105,336,-0.0015633435946664775,0.3869047619047619,1.5112827821190653,-0.9082558825397616,0 days 10:00:00,EURUSD,20,180,2.0,3.0,55,35,12,0.5,0.5
-0.27593983338979006,-0.0015064901781475237,0.00545948788777976,-0.004695533080204105,336,-0.0015633435946664775,0.3869047619047619,1.5112827821190653,-0.9082558825397616,0 days 10:00:00,EURUSD,20,180,2.0,3.0,55,35,12,1.0,0.5
-0.27593983338979006,-0.0015064901781475237,0.00545948788777976,-0.004695533080204105,336,-0.0015633435946664775,0.3869047619047619,1.5112827821190653,-0.9082558825397616,0 days 10:00:00,EURUSD,20,180,2.0,3.0,60,40,12,1.0,0.5
-0.27593983338979006,-0.0015064901781475237,0.00545948788777976,-0.004695533080204105,336,-0.0015633435946664775,0.3869047619047619,1.5112827821190653,-0.9082558825397616,0 days 10:00:00,EURUSD,20,180,2.0,3.0,55,40,12,0.5,0.5
-0.27593983338979006,-0.0015064901781475237,0.00545948788777976,-0.004695533080204105,336,-0.0015633435946664775,0.3869047619047619,1.5112827821190653,-0.9082558825397616,0 days 10:00:00,EURUSD,20,180,2.0,3.0,60,40,12,0.5,0.5
-0.27593983338979006,-0.0015064901781475237,0.00545948788777976,-0.004695533080204105,336,-0.0015633435946664775,0.3869047619047619,1.5112827821190653,-0.9082558825397616,0 days 10:00:00,EURUSD,20,180,2.0,3.0,60,35,12,0.5,0.5
-0.2967761210466509,-0.002294938556203552,0.007732894911187296,-0.007718695805415518,218,-0.0023888788378580994,0.1651376146788991,4.493900687192028,-2.1695132695937924,0 days 15:00:00,EURUSD,20,120,1.5,,60,40,12,0.5,0.5
-0.2967761210466509,-0.002294938556203552,0.007732894911187296,-0.007718695805415518,218,-0.0023888788378580994,0.1651376146788991,4.493900687192028,-2.1695132695937924,0 days 15:00:00,EURUSD,20,120,1.5,,55,35,12,0.5,0.5
-0.2967761210466509,-0.002294938556203552,0.007732894911187296,-0.007718695805415518,218,-0.0023888788378580994,0.1651376146788991,4.493900687192028,-2.1695132695937924,0 days 15:00:00,EURUSD,20,120,1.5,,55,35,12,1.0,0.5
-0.2967761210466509,-0.002294938556203552,0.007732894911187296,-0.007718695805415518,218,-0.0023888788378580994,0.1651376146788991,4.493900687192028,-2.1695132695937924,0 days 15:00:00,EURUSD,20,120,1.5,,55,40,12,0.5,0.5
-0.2967761210466509,-0.002294938556203552,0.007732894911187296,-0.007718695805415518,218,-0.0023888788378580994,0.1651376146788991,4.493900687192028,-2.1695132695937924,0 days 15:00:00,EURUSD,20,120,1.5,,55,40,12,1.0,0.5
-0.2967761210466509,-0.002294938556203552,0.007732894911187296,-0.007718695805415518,218,-0.0023888788378580994,0.1651376146788991,4.493900687192028,-2.1695132695937924,0 days 15:00:00,EURUSD,20,120,1.5,,60,35,12,0.5,0.5
-0.2967761210466509,-0.002294938556203552,0.007732894911187296,-0.007718695805415518,218,-0.0023888788378580994,0.1651376146788991,4.493900687192028,-2.1695132695937924,0 days 15:00:00,EURUSD,20,120,1.5,,60,35,12,1.0,0.5
-0.2967761210466509,-0.002294938556203552,0.007732894911187296,-0.007718695805415518,218,-0.0023888788378580994,0.1651376146788991,4.493900687192028,-2.1695132695937924,0 days 15:00:00,EURUSD,20,120,1.5,,60,40,12,1.0,0.5
-0.3263739081208254,-0.0017894766031119058,0.005482903377341769,-0.005665281514399872,326,-0.0018542577561903029,0.39263803680981596,1.4620925500719073,-1.1153324823256843,0 days 10:00:00,EURUSD,30,120,2.0,3.0,55,40,12,0.5,0.5
-0.3263739081208254,-0.0017894766031119058,0.005482903377341769,-0.005665281514399872,326,-0.0018542577561903029,0.39263803680981596,1.4620925500719073,-1.1153324823256843,0 days 10:00:00,EURUSD,30,120,2.0,3.0,55,35,12,1.0,0.5
-0.3263739081208254,-0.0017894766031119058,0.005482903377341769,-0.005665281514399872,326,-0.0018542577561903029,0.39263803680981596,1.4620925500719073,-1.1153324823256843,0 days 10:00:00,EURUSD,30,120,2.0,3.0,55,35,12,0.5,0.5
-0.3263739081208254,-0.0017894766031119058,0.005482903377341769,-0.005665281514399872,326,-0.0018542577561903029,0.39263803680981596,1.4620925500719073,-1.1153324823256843,0 days 10:00:00,EURUSD,30,120,2.0,3.0,55,40,12,1.0,0.5
-0.3263739081208254,-0.0017894766031119058,0.005482903377341769,-0.005665281514399872,326,-0.0018542577561903029,0.39263803680981596,1.4620925500719073,-1.1153324823256843,0 days 10:00:00,EURUSD,30,120,2.0,3.0,60,35,12,0.5,0.5
-0.3263739081208254,-0.0017894766031119058,0.005482903377341769,-0.005665281514399872,326,-0.0018542577561903029,0.39263803680981596,1.4620925500719073,-1.1153324823256843,0 days 10:00:00,EURUSD,30,120,2.0,3.0,60,40,12,1.0,0.5
-0.3263739081208254,-0.0017894766031119058,0.005482903377341769,-0.005665281514399872,326,-0.0018542577561903029,0.39263803680981596,1.4620925500719073,-1.1153324823256843,0 days 10:00:00,EURUSD,30,120,2.0,3.0,60,40,12,0.5,0.5
-0.3263739081208254,-0.0017894766031119058,0.005482903377341769,-0.005665281514399872,326,-0.0018542577561903029,0.39263803680981596,1.4620925500719073,-1.1153324823256843,0 days 10:00:00,EURUSD,30,120,2.0,3.0,60,35,12,1.0,0.5
-0.4686447338997877,-0.0037910956938360663,0.008089487450949853,-0.007830926051200792,198,-0.003929058988381251,0.1919191919191919,3.495727791671636,-3.946572034728364,1 days 01:00:00,EURUSD,20,120,2.0,,60,35,12,0.5,0.5
-0.4686447338997877,-0.0037910956938360663,0.008089487450949853,-0.007830926051200792,198,-0.003929058988381251,0.1919191919191919,3.495727791671636,-3.946572034728364,1 days 01:00:00,EURUSD,20,120,2.0,,60,35,12,1.0,0.5
-0.4686447338997877,-0.0037910956938360663,0.008089487450949853,-0.007830926051200792,198,-0.003929058988381251,0.1919191919191919,3.495727791671636,-3.946572034728364,1 days 01:00:00,EURUSD,20,120,2.0,,55,40,12,0.5,0.5
-0.4686447338997877,-0.0037910956938360663,0.008089487450949853,-0.007830926051200792,198,-0.003929058988381251,0.1919191919191919,3.495727791671636,-3.946572034728364,1 days 01:00:00,EURUSD,20,120,2.0,,55,35,12,1.0,0.5
-0.4686447338997877,-0.0037910956938360663,0.008089487450949853,-0.007830926051200792,198,-0.003929058988381251,0.1919191919191919,3.495727791671636,-3.946572034728364,1 days 01:00:00,EURUSD,20,120,2.0,,60,40,12,0.5,0.5
-0.4686447338997877,-0.0037910956938360663,0.008089487450949853,-0.007830926051200792,198,-0.003929058988381251,0.1919191919191919,3.495727791671636,-3.946572034728364,1 days 01:00:00,EURUSD,20,120,2.0,,60,40,12,1.0,0.5
-0.4686447338997877,-0.0037910956938360663,0.008089487450949853,-0.007830926051200792,198,-0.003929058988381251,0.1919191919191919,3.495727791671636,-3.946572034728364,1 days 01:00:00,EURUSD,20,120,2.0,,55,40,12,1.0,0.5
-0.4686447338997877,-0.0037910956938360663,0.008089487450949853,-0.007830926051200792,198,-0.003929058988381251,0.1919191919191919,3.495727791671636,-3.946572034728364,1 days 01:00:00,EURUSD,20,120,2.0,,55,35,12,0.5,0.5
-0.48903608053926045,-0.004067617743438889,0.008317622983877844,-0.00950474422666905,256,-0.004215090889000295,0.171875,4.001553609991449,-3.2709964914063283,0 days 14:30:00,EURUSD,20,120,1.5,,55,35,0,1.0,0.5
-0.48903608053926045,-0.004067617743438889,0.008317622983877844,-0.00950474422666905,256,-0.004215090889000295,0.171875,4.001553609991449,-3.2709964914063283,0 days 14:30:00,EURUSD,20,120,1.5,,55,35,0,0.5,0.5
-0.48903608053926045,-0.004067617743438889,0.008317622983877844,-0.00950474422666905,256,-0.004215090889000295,0.171875,4.001553609991449,-3.2709964914063283,0 days 14:30:00,EURUSD,20,120,1.5,,55,40,0,0.5,0.5
-0.48903608053926045,-0.004067617743438889,0.008317622983877844,-0.00950474422666905,256,-0.004215090889000295,0.171875,4.001553609991449,-3.2709964914063283,0 days 14:30:00,EURUSD,20,120,1.5,,55,40,0,1.0,0.5
-0.48903608053926045,-0.004067617743438889,0.008317622983877844,-0.00950474422666905,256,-0.004215090889000295,0.171875,4.001553609991449,-3.2709964914063283,0 days 14:30:00,EURUSD,20,120,1.5,,60,35,0,0.5,0.5
-0.48903608053926045,-0.004067617743438889,0.008317622983877844,-0.00950474422666905,256,-0.004215090889000295,0.171875,4.001553609991449,-3.2709964914063283,0 days 14:30:00,EURUSD,20,120,1.5,,60,35,0,1.0,0.5
-0.48903608053926045,-0.004067617743438889,0.008317622983877844,-0.00950474422666905,256,-0.004215090889000295,0.171875,4.001553609991449,-3.2709964914063283,0 days 14:30:00,EURUSD,20,120,1.5,,60,40,0,0.5,0.5
-0.48903608053926045,-0.004067617743438889,0.008317622983877844,-0.00950474422666905,256,-0.004215090889000295,0.171875,4.001553609991449,-3.2709964914063283,0 days 14:30:00,EURUSD,20,120,1.5,,60,40,0,1.0,0.5
-0.5148138705959788,-0.002607878013802689,0.005065671619887895,-0.005630792203113408,386,-0.0026929380535719583,0.32642487046632124,1.895067749041136,-1.373028024648557,0 days 08:00:00,EURUSD,20,120,1.5,3.0,60,35,12,0.5,0.5
-0.5148138705959788,-0.002607878013802689,0.005065671619887895,-0.005630792203113408,386,-0.0026929380535719583,0.32642487046632124,1.895067749041136,-1.373028024648557,0 days 08:00:00,EURUSD,20,120,1.5,3.0,55,40,12,0.5,0.5
-0.5148138705959788,-0.002607878013802689,0.005065671619887895,-0.005630792203113408,386,-0.0026929380535719583,0.32642487046632124,1.895067749041136,-1.373028024648557,0 days 08:00:00,EURUSD,20,120,1.5,3.0,55,35,12,1.0,0.5
-0.5148138705959788,-0.002607878013802689,0.005065671619887895,-0.005630792203113408,386,-0.0026929380535719583,0.32642487046632124,1.895067749041136,-1.373028024648557,0 days 08:00:00,EURUSD,20,120,1.5,3.0,55,35,12,0.5,0.5
-0.5148138705959788,-0.002607878013802689,0.005065671619887895,-0.005630792203113408,386,-0.0026929380535719583,0.32642487046632124,1.895067749041136,-1.373028024648557,0 days 08:00:00,EURUSD,20,120,1.5,3.0,60,40,12,1.0,0.5
-0.5148138705959788,-0.002607878013802689,0.005065671619887895,-0.005630792203113408,386,-0.0026929380535719583,0.32642487046632124,1.895067749041136,-1.373028024648557,0 days 08:00:00,EURUSD,20,120,1.5,3.0,60,40,12,0.5,0.5
-0.5148138705959788,-0.002607878013802689,0.005065671619887895,-0.005630792203113408,386,-0.0026929380535719583,0.32642487046632124,1.895067749041136,-1.373028024648557,0 days 08:00:00,EURUSD,20,120,1.5,3.0,55,40,12,1.0,0.5
-0.5148138705959788,-0.002607878013802689,0.005065671619887895,-0.005630792203113408,386,-0.0026929380535719583,0.32642487046632124,1.895067749041136,-1.373028024648557,0 days 08:00:00,EURUSD,20,120,1.5,3.0,60,35,12,1.0,0.5
-0.5314293559882435,-0.004273735952608493,0.008041964382379807,-0.007103012070614553,162,-0.004424561912286018,0.19753086419753085,3.1387746953884372,-5.4402449509700705,0 days 16:00:00,EURUSD,20,180,2.0,,55,35,12,1.0,0.5
-0.5314293559882435,-0.004273735952608493,0.008041964382379807,-0.007103012070614553,162,-0.004424561912286018,0.19753086419753085,3.1387746953884372,-5.4402449509700705,0 days 16:00:00,EURUSD,20,180,2.0,,55,35,12,0.5,0.5
-0.5314293559882435,-0.004273735952608493,0.008041964382379807,-0.007103012070614553,162,-0.004424561912286018,0.19753086419753085,3.1387746953884372,-5.4402449509700705,0 days 16:00:00,EURUSD,20,180,2.0,,60,40,12,0.5,0.5
-0.5314293559882435,-0.004273735952608493,0.008041964382379807,-0.007103012070614553,162,-0.004424561912286018,0.19753086419753085,3.1387746953884372,-5.4402449509700705,0 days 16:00:00,EURUSD,20,180,2.0,,55,40,12,0.5,0.5
-0.5314293559882435,-0.004273735952608493,0.008041964382379807,-0.007103012070614553,162,-0.004424561912286018,0.19753086419753085,3.1387746953884372,-5.4402449509700705,0 days 16:00:00,EURUSD,20,180,2.0,,60,35,12,0.5,0.5
-0.5314293559882435,-0.004273735952608493,0.008041964382379807,-0.007103012070614553,162,-0.004424561912286018,0.19753086419753085,3.1387746953884372,-5.4402449509700705,0 days 16:00:00,EURUSD,20,180,2.0,,60,35,12,1.0,0.5
-0.5314293559882435,-0.004273735952608493,0.008041964382379807,-0.007103012070614553,162,-0.004424561912286018,0.19753086419753085,3.1387746953884372,-5.4402449509700705,0 days 16:00:00,EURUSD,20,180,2.0,,60,40,12,1.0,0.5
-0.5314293559882435,-0.004273735952608493,0.008041964382379807,-0.007103012070614553,162,-0.004424561912286018,0.19753086419753085,3.1387746953884372,-5.4402449509700705,0 days 16:00:00,EURUSD,20,180,2.0,,55,40,12,1.0,0.5
-0.5813819365199707,-0.004679068373517947,0.008048183267484814,-0.008789788876667875,206,-0.004841072351857156,0.1553398058252427,4.136806814719626,-4.677956362968288,0 days 11:00:00,EURUSD,30,180,1.5,,55,35,0,0.5,0.5
-0.5813819365199707,-0.004679068373517947,0.008048183267484814,-0.008789788876667875,206,-0.004841072351857156,0.1553398058252427,4.136806814719626,-4.677956362968288,0 days 11:00:00,EURUSD,30,180,1.5,,60,40,0,1.0,0.5
-0.5813819365199707,-0.004679068373517947,0.008048183267484814,-0.008789788876667875,206,-0.004841072351857156,0.1553398058252427,4.136806814719626,-4.677956362968288,0 days 11:00:00,EURUSD,30,180,1.5,,55,40,0,0.5,0.5
-0.5813819365199707,-0.004679068373517947,0.008048183267484814,-0.008789788876667875,206,-0.004841072351857156,0.1553398058252427,4.136806814719626,-4.677956362968288,0 days 11:00:00,EURUSD,30,180,1.5,,55,40,0,1.0,0.5
-0.5813819365199707,-0.004679068373517947,0.008048183267484814,-0.008789788876667875,206,-0.004841072351857156,0.1553398058252427,4.136806814719626,-4.677956362968288,0 days 11:00:00,EURUSD,30,180,1.5,,60,35,0,0.5,0.5
-0.5813819365199707,-0.004679068373517947,0.008048183267484814,-0.008789788876667875,206,-0.004841072351857156,0.1553398058252427,4.136806814719626,-4.677956362968288,0 days 11:00:00,EURUSD,30,180,1.5,,60,35,0,1.0,0.5
-0.5813819365199707,-0.004679068373517947,0.008048183267484814,-0.008789788876667875,206,-0.004841072351857156,0.1553398058252427,4.136806814719626,-4.677956362968288,0 days 11:00:00,EURUSD,30,180,1.5,,55,35,0,1.0,0.5
-0.5813819365199707,-0.004679068373517947,0.008048183267484814,-0.008789788876667875,206,-0.004841072351857156,0.1553398058252427,4.136806814719626,-4.677956362968288,0 days 11:00:00,EURUSD,30,180,1.5,,60,40,0,0.5,0.5
-0.5981867457457182,-0.004835789159332138,0.008084079417880937,-0.007266084359034755,198,-0.005002390095047327,0.1919191919191919,3.3302131519348346,-5.030700615199835,1 days 05:00:00,EURUSD,30,120,2.0,,60,35,0,1.0,0.5
-0.5981867457457182,-0.004835789159332138,0.008084079417880937,-0.007266084359034755,198,-0.005002390095047327,0.1919191919191919,3.3302131519348346,-5.030700615199835,1 days 05:00:00,EURUSD,30,120,2.0,,55,35,0,0.5,0.5
-0.5981867457457182,-0.004835789159332138,0.008084079417880937,-0.007266084359034755,198,-0.005002390095047327,0.1919191919191919,3.3302131519348346,-5.030700615199835,1 days 05:00:00,EURUSD,30,120,2.0,,55,35,0,1.0,0.5
-0.5981867457457182,-0.004835789159332138,0.008084079417880937,-0.007266084359034755,198,-0.005002390095047327,0.1919191919191919,3.3302131519348346,-5.030700615199835,1 days 05:00:00,EURUSD,30,120,2.0,,55,40,0,0.5,0.5
-0.5981867457457182,-0.004835789159332138,0.008084079417880937,-0.007266084359034755,198,-0.005002390095047327,0.1919191919191919,3.3302131519348346,-5.030700615199835,1 days 05:00:00,EURUSD,30,120,2.0,,55,40,0,1.0,0.5
-0.5981867457457182,-0.004835789159332138,0.008084079417880937,-0.007266084359034755,198,-0.005002390095047327,0.1919191919191919,3.3302131519348346,-5.030700615199835,1 days 05:00:00,EURUSD,30,120,2.0,,60,35,0,0.5,0.5
-0.5981867457457182,-0.004835789159332138,0.008084079417880937,-0.007266084359034755,198,-0.005002390095047327,0.1919191919191919,3.3302131519348346,-5.030700615199835,1 days 05:00:00,EURUSD,30,120,2.0,,60,40,0,0.5,0.5
-0.5981867457457182,-0.004835789159332138,0.008084079417880937,-0.007266084359034755,198,-0.005002390095047327,0.1919191919191919,3.3302131519348346,-5.030700615199835,1 days 05:00:00,EURUSD,30,120,2.0,,60,40,0,1.0,0.5
-0.6564800859742325,-0.0035394330303279986,0.00539153145076045,-0.006755914306403877,294,-0.0036518658912384483,0.36054421768707484,1.5685087858865587,-2.4619287069648492,0 days 11:00:00,EURUSD,30,180,2.0,3.0,55,40,12,0.5,0.5
-0.6564800859742325,-0.0035394330303279986,0.00539153145076045,-0.006755914306403877,294,-0.0036518658912384483,0.36054421768707484,1.5685087858865587,-2.4619287069648492,0 days 11:00:00,EURUSD,30,180,2.0,3.0,55,35,12,0.5,0.5
-0.6564800859742325,-0.0035394330303279986,0.00539153145076045,-0.006755914306403877,294,-0.0036518658912384483,0.36054421768707484,1.5685087858865587,-2.4619287069648492,0 days 11:00:00,EURUSD,30,180,2.0,3.0,60,40,12,0.5,0.5
-0.6564800859742325,-0.0035394330303279986,0.00539153145076045,-0.006755914306403877,294,-0.0036518658912384483,0.36054421768707484,1.5685087858865587,-2.4619287069648492,0 days 11:00:00,EURUSD,30,180,2.0,3.0,60,35,12,1.0,0.5
-0.6564800859742325,-0.0035394330303279986,0.00539153145076045,-0.006755914306403877,294,-0.0036518658912384483,0.36054421768707484,1.5685087858865587,-2.4619287069648492,0 days 11:00:00,EURUSD,30,180,2.0,3.0,60,35,12,0.5,0.5
-0.6564800859742325,-0.0035394330303279986,0.00539153145076045,-0.006755914306403877,294,-0.0036518658912384483,0.36054421768707484,1.5685087858865587,-2.4619287069648492,0 days 11:00:00,EURUSD,30,180,2.0,3.0,55,40,12,1.0,0.5
-0.6564800859742325,-0.0035394330303279986,0.00539153145076045,-0.006755914306403877,294,-0.0036518658912384483,0.36054421768707484,1.5685087858865587,-2.4619287069648492,0 days 11:00:00,EURUSD,30,180,2.0,3.0,55,35,12,1.0,0.5
-0.6564800859742325,-0.0035394330303279986,0.00539153145076045,-0.006755914306403877,294,-0.0036518658912384483,0.36054421768707484,1.5685087858865587,-2.4619287069648492,0 days 11:00:00,EURUSD,30,180,2.0,3.0,60,40,12,1.0,0.5
-0.7070541132568173,-0.005787060999650651,0.008184749782438031,-0.008849101667273753,172,-0.0059805886021899735,0.18604651162790697,3.130056044892348,-6.9319401397565805,0 days 15:30:00,EURUSD,30,180,2.0,,55,35,0,1.0,0.5
-0.7070541132568173,-0.005787060999650651,0.008184749782438031,-0.008849101667273753,172,-0.0059805886021899735,0.18604651162790697,3.130056044892348,-6.9319401397565805,0 days 15:30:00,EURUSD,30,180,2.0,,55,40,0,1.0,0.5
-0.7070541132568173,-0.005787060999650651,0.008184749782438031,-0.008849101667273753,172,-0.0059805886021899735,0.18604651162790697,3.130056044892348,-6.9319401397565805,0 days 15:30:00,EURUSD,30,180,2.0,,60,40,0,1.0,0.5
-0.7070541132568173,-0.005787060999650651,0.008184749782438031,-0.008849101667273753,172,-0.0059805886021899735,0.18604651162790697,3.130056044892348,-6.9319401397565805,0 days 15:30:00,EURUSD,30,180,2.0,,60,40,0,0.5,0.5
-0.7070541132568173,-0.005787060999650651,0.008184749782438031,-0.008849101667273753,172,-0.0059805886021899735,0.18604651162790697,3.130056044892348,-6.9319401397565805,0 days 15:30:00,EURUSD,30,180,2.0,,55,35,0,0.5,0.5
-0.7070541132568173,-0.005787060999650651,0.008184749782438031,-0.008849101667273753,172,-0.0059805886021899735,0.18604651162790697,3.130056044892348,-6.9319401397565805,0 days 15:30:00,EURUSD,30,180,2.0,,60,35,0,1.0,0.5
-0.7070541132568173,-0.005787060999650651,0.008184749782438031,-0.008849101667273753,172,-0.0059805886021899735,0.18604651162790697,3.130056044892348,-6.9319401397565805,0 days 15:30:00,EURUSD,30,180,2.0,,60,35,0,0.5,0.5
-0.7070541132568173,-0.005787060999650651,0.008184749782438031,-0.008849101667273753,172,-0.0059805886021899735,0.18604651162790697,3.130056044892348,-6.9319401397565805,0 days 15:30:00,EURUSD,30,180,2.0,,55,40,0,0.5,0.5
-0.7106784129696343,-0.004843349854484202,0.006815107601546282,-0.008659330983026696,560,-0.005000494049142823,0.375,1.5167261270249195,-1.763593460408327,0 days 09:30:00,EURUSD,20,120,2.0,3.0,60,35,0,1.0,0.5
-0.7106784129696343,-0.004843349854484202,0.006815107601546282,-0.008659330983026696,560,-0.005000494049142823,0.375,1.5167261270249195,-1.763593460408327,0 days 09:30:00,EURUSD,20,120,2.0,3.0,60,35,0,0.5,0.5
-0.7106784129696343,-0.004843349854484202,0.006815107601546282,-0.008659330983026696,560,-0.005000494049142823,0.375,1.5167261270249195,-1.763593460408327,0 days 09:30:00,EURUSD,20,120,2.0,3.0,55,40,0,1.0,0.5
-0.7106784129696343,-0.004843349854484202,0.006815107601546282,-0.008659330983026696,560,-0.005000494049142823,0.375,1.5167261270249195,-1.763593460408327,0 days 09:30:00,EURUSD,20,120,2.0,3.0,55,40,0,0.5,0.5
-0.7106784129696343,-0.004843349854484202,0.006815107601546282,-0.008659330983026696,560,-0.005000494049142823,0.375,1.5167261270249195,-1.763593460408327,0 days 09:30:00,EURUSD,20,120,2.0,3.0,55,35,0,1.0,0.5
-0.7106784129696343,-0.004843349854484202,0.006815107601546282,-0.008659330983026696,560,-0.005000494049142823,0.375,1.5167261270249195,-1.763593460408327,0 days 09:30:00,EURUSD,20,120,2.0,3.0,55,35,0,0.5,0.5
-0.7106784129696343,-0.004843349854484202,0.006815107601546282,-0.008659330983026696,560,-0.005000494049142823,0.375,1.5167261270249195,-1.763593460408327,0 days 09:30:00,EURUSD,20,120,2.0,3.0,60,40,0,0.5,0.5
-0.7106784129696343,-0.004843349854484202,0.006815107601546282,-0.008659330983026696,560,-0.005000494049142823,0.375,1.5167261270249195,-1.763593460408327,0 days 09:30:00,EURUSD,20,120,2.0,3.0,60,40,0,1.0,0.5
-0.8363798558109641,-0.006386821909273643,0.0076362694114397375,-0.00957175897456457,200,-0.006592356639429253,0.13,4.571608214727268,-6.570045877428674,0 days 13:00:00,EURUSD,20,180,1.5,,55,40,12,0.5,0.5
-0.8363798558109641,-0.006386821909273643,0.0076362694114397375,-0.00957175897456457,200,-0.006592356639429253,0.13,4.571608214727268,-6.570045877428674,0 days 13:00:00,EURUSD,20,180,1.5,,55,35,12,0.5,0.5
-0.8363798558109641,-0.006386821909273643,0.0076362694114397375,-0.00957175897456457,200,-0.006592356639429253,0.13,4.571608214727268,-6.570045877428674,0 days 13:00:00,EURUSD,20,180,1.5,,55,40,12,1.0,0.5
-0.8363798558109641,-0.006386821909273643,0.0076362694114397375,-0.00957175897456457,200,-0.006592356639429253,0.13,4.571608214727268,-6.570045877428674,0 days 13:00:00,EURUSD,20,180,1.5,,60,35,12,0.5,0.5
-0.8363798558109641,-0.006386821909273643,0.0076362694114397375,-0.00957175897456457,200,-0.006592356639429253,0.13,4.571608214727268,-6.570045877428674,0 days 13:00:00,EURUSD,20,180,1.5,,60,35,12,1.0,0.5
-0.8363798558109641,-0.006386821909273643,0.0076362694114397375,-0.00957175897456457,200,-0.006592356639429253,0.13,4.571608214727268,-6.570045877428674,0 days 13:00:00,EURUSD,20,180,1.5,,60,40,12,0.5,0.5
-0.8363798558109641,-0.006386821909273643,0.0076362694114397375,-0.00957175897456457,200,-0.006592356639429253,0.13,4.571608214727268,-6.570045877428674,0 days 13:00:00,EURUSD,20,180,1.5,,60,40,12,1.0,0.5
-0.8363798558109641,-0.006386821909273643,0.0076362694114397375,-0.00957175897456457,200,-0.006592356639429253,0.13,4.571608214727268,-6.570045877428674,0 days 13:00:00,EURUSD,20,180,1.5,,55,35,12,1.0,0.5
-0.9461179725829532,-0.007142170592903008,0.007548921804544624,-0.010317855295919979,202,-0.007367717793142936,0.1188118811881188,4.789290323166574,-7.272572381329803,0 days 08:00:00,EURUSD,30,180,1.5,,55,40,12,0.5,0.5
-0.9461179725829532,-0.007142170592903008,0.007548921804544624,-0.010317855295919979,202,-0.007367717793142936,0.1188118811881188,4.789290323166574,-7.272572381329803,0 days 08:00:00,EURUSD,30,180,1.5,,55,40,12,1.0,0.5
-0.9461179725829532,-0.007142170592903008,0.007548921804544624,-0.010317855295919979,202,-0.007367717793142936,0.1188118811881188,4.789290323166574,-7.272572381329803,0 days 08:00:00,EURUSD,30,180,1.5,,60,35,12,0.5,0.5
-0.9461179725829532,-0.007142170592903008,0.007548921804544624,-0.010317855295919979,202,-0.007367717793142936,0.1188118811881188,4.789290323166574,-7.272572381329803,0 days 08:00:00,EURUSD,30,180,1.5,,55,35,12,0.5,0.5
-0.9461179725829532,-0.007142170592903008,0.007548921804544624,-0.010317855295919979,202,-0.007367717793142936,0.1188118811881188,4.789290323166574,-7.272572381329803,0 days 08:00:00,EURUSD,30,180,1.5,,60,35,12,1.0,0.5
-0.9461179725829532,-0.007142170592903008,0.007548921804544624,-0.010317855295919979,202,-0.007367717793142936,0.1188118811881188,4.789290323166574,-7.272572381329803,0 days 08:00:00,EURUSD,30,180,1.5,,60,40,12,0.5,0.5
-0.9461179725829532,-0.007142170592903008,0.007548921804544624,-0.010317855295919979,202,-0.007367717793142936,0.1188118811881188,4.789290323166574,-7.272572381329803,0 days 08:00:00,EURUSD,30,180,1.5,,55,35,12,1.0,0.5
-0.9461179725829532,-0.007142170592903008,0.007548921804544624,-0.010317855295919979,202,-0.007367717793142936,0.1188118811881188,4.789290323166574,-7.272572381329803,0 days 08:00:00,EURUSD,30,180,1.5,,60,40,12,1.0,0.5
-0.9560144043924026,-0.007498049340595281,0.007843029672090229,-0.00969810109355763,164,-0.007735645680380987,0.18292682926829268,2.816310531080489,-9.411462044367235,0 days 15:30:00,EURUSD,30,180,2.0,,55,40,12,0.5,0.5
-0.9560144043924026,-0.007498049340595281,0.007843029672090229,-0.00969810109355763,164,-0.007735645680380987,0.18292682926829268,2.816310531080489,-9.411462044367235,0 days 15:30:00,EURUSD,30,180,2.0,,60,40,12,1.0,0.5
-0.9560144043924026,-0.007498049340595281,0.007843029672090229,-0.00969810109355763,164,-0.007735645680380987,0.18292682926829268,2.816310531080489,-9.411462044367235,0 days 15:30:00,EURUSD,30,180,2.0,,60,40,12,0.5,0.5
-0.9560144043924026,-0.007498049340595281,0.007843029672090229,-0.00969810109355763,164,-0.007735645680380987,0.18292682926829268,2.816310531080489,-9.411462044367235,0 days 15:30:00,EURUSD,30,180,2.0,,60,35,12,1.0,0.5
-0.9560144043924026,-0.007498049340595281,0.007843029672090229,-0.00969810109355763,164,-0.007735645680380987,0.18292682926829268,2.816310531080489,-9.411462044367235,0 days 15:30:00,EURUSD,30,180,2.0,,55,40,12,1.0,0.5
-0.9560144043924026,-0.007498049340595281,0.007843029672090229,-0.00969810109355763,164,-0.007735645680380987,0.18292682926829268,2.816310531080489,-9.411462044367235,0 days 15:30:00,EURUSD,30,180,2.0,,60,35,12,0.5,0.5
-0.9560144043924026,-0.007498049340595281,0.007843029672090229,-0.00969810109355763,164,-0.007735645680380987,0.18292682926829268,2.816310531080489,-9.411462044367235,0 days 15:30:00,EURUSD,30,180,2.0,,55,35,12,1.0,0.5
-0.9560144043924026,-0.007498049340595281,0.007843029672090229,-0.00969810109355763,164,-0.007735645680380987,0.18292682926829268,2.816310531080489,-9.411462044367235,0 days 15:30:00,EURUSD,30,180,2.0,,55,35,12,0.5,0.5
-0.9616170967098705,-0.007066343872102032,0.007348396670857048,-0.009356855143498448,228,-0.0072882919901431364,0.12280701754385964,4.956369077181664,-6.371032207143071,0 days 11:00:00,EURUSD,30,120,1.5,,55,35,12,1.0,0.5
-0.9616170967098705,-0.007066343872102032,0.007348396670857048,-0.009356855143498448,228,-0.0072882919901431364,0.12280701754385964,4.956369077181664,-6.371032207143071,0 days 11:00:00,EURUSD,30,120,1.5,,60,35,12,0.5,0.5
-0.9616170967098705,-0.007066343872102032,0.007348396670857048,-0.009356855143498448,228,-0.0072882919901431364,0.12280701754385964,4.956369077181664,-6.371032207143071,0 days 11:00:00,EURUSD,30,120,1.5,,60,35,12,1.0,0.5
-0.9616170967098705,-0.007066343872102032,0.007348396670857048,-0.009356855143498448,228,-0.0072882919901431364,0.12280701754385964,4.956369077181664,-6.371032207143071,0 days 11:00:00,EURUSD,30,120,1.5,,55,40,12,0.5,0.5
-0.9616170967098705,-0.007066343872102032,0.007348396670857048,-0.009356855143498448,228,-0.0072882919901431364,0.12280701754385964,4.956369077181664,-6.371032207143071,0 days 11:00:00,EURUSD,30,120,1.5,,55,40,12,1.0,0.5
-0.9616170967098705,-0.007066343872102032,0.007348396670857048,-0.009356855143498448,228,-0.0072882919901431364,0.12280701754385964,4.956369077181664,-6.371032207143071,0 days 11:00:00,EURUSD,30,120,1.5,,60,40,12,0.5,0.5
-0.9616170967098705,-0.007066343872102032,0.007348396670857048,-0.009356855143498448,228,-0.0072882919901431364,0.12280701754385964,4.956369077181664,-6.371032207143071,0 days 11:00:00,EURUSD,30,120,1.5,,60,40,12,1.0,0.5
-0.9616170967098705,-0.007066343872102032,0.007348396670857048,-0.009356855143498448,228,-0.0072882919901431364,0.12280701754385964,4.956369077181664,-6.371032207143071,0 days 11:00:00,EURUSD,30,120,1.5,,55,35,12,0.5,0.5
-1.0477084234367602,-0.005048615019899061,0.004818721418062356,-0.007332738213158685,354,-0.005199523718142585,0.3050847457627119,1.9059567637397292,-2.915304184261719,0 days 08:00:00,EURUSD,30,120,1.5,3.0,55,40,12,1.0,0.5
-1.0477084234367602,-0.005048615019899061,0.004818721418062356,-0.007332738213158685,354,-0.005199523718142585,0.3050847457627119,1.9059567637397292,-2.915304184261719,0 days 08:00:00,EURUSD,30,120,1.5,3.0,55,35,12,0.5,0.5
-1.0477084234367602,-0.005048615019899061,0.004818721418062356,-0.007332738213158685,354,-0.005199523718142585,0.3050847457627119,1.9059567637397292,-2.915304184261719,0 days 08:00:00,EURUSD,30,120,1.5,3.0,55,35,12,1.0,0.5
-1.0477084234367602,-0.005048615019899061,0.004818721418062356,-0.007332738213158685,354,-0.005199523718142585,0.3050847457627119,1.9059567637397292,-2.915304184261719,0 days 08:00:00,EURUSD,30,120,1.5,3.0,60,40,12,0.5,0.5
-1.0477084234367602,-0.005048615019899061,0.004818721418062356,-0.007332738213158685,354,-0.005199523718142585,0.3050847457627119,1.9059567637397292,-2.915304184261719,0 days 08:00:00,EURUSD,30,120,1.5,3.0,55,40,12,0.5,0.5
-1.0477084234367602,-0.005048615019899061,0.004818721418062356,-0.007332738213158685,354,-0.005199523718142585,0.3050847457627119,1.9059567637397292,-2.915304184261719,0 days 08:00:00,EURUSD,30,120,1.5,3.0,60,35,12,0.5,0.5
-1.0477084234367602,-0.005048615019899061,0.004818721418062356,-0.007332738213158685,354,-0.005199523718142585,0.3050847457627119,1.9059567637397292,-2.915304184261719,0 days 08:00:00,EURUSD,30,120,1.5,3.0,60,35,12,1.0,0.5
-1.0477084234367602,-0.005048615019899061,0.004818721418062356,-0.007332738213158685,354,-0.005199523718142585,0.3050847457627119,1.9059567637397292,-2.915304184261719,0 days 08:00:00,EURUSD,30,120,1.5,3.0,60,40,12,1.0,0.5
-1.0743127095527667,-0.008339072600083708,0.007762239547138226,-0.010386262725825287,200,-0.008599032529333805,0.15,3.8114492858938953,-8.576807057333518,0 days 20:30:00,EURUSD,30,120,2.0,,55,35,12,1.0,0.5
-1.0743127095527667,-0.008339072600083708,0.007762239547138226,-0.010386262725825287,200,-0.008599032529333805,0.15,3.8114492858938953,-8.576807057333518,0 days 20:30:00,EURUSD,30,120,2.0,,55,40,12,0.5,0.5
-1.0743127095527667,-0.008339072600083708,0.007762239547138226,-0.010386262725825287,200,-0.008599032529333805,0.15,3.8114492858938953,-8.576807057333518,0 days 20:30:00,EURUSD,30,120,2.0,,55,35,12,0.5,0.5
-1.0743127095527667,-0.008339072600083708,0.007762239547138226,-0.010386262725825287,200,-0.008599032529333805,0.15,3.8114492858938953,-8.576807057333518,0 days 20:30:00,EURUSD,30,120,2.0,,60,35,12,0.5,0.5
-1.0743127095527667,-0.008339072600083708,0.007762239547138226,-0.010386262725825287,200,-0.008599032529333805,0.15,3.8114492858938953,-8.576807057333518,0 days 20:30:00,EURUSD,30,120,2.0,,60,35,12,1.0,0.5
-1.0743127095527667,-0.008339072600083708,0.007762239547138226,-0.010386262725825287,200,-0.008599032529333805,0.15,3.8114492858938953,-8.576807057333518,0 days 20:30:00,EURUSD,30,120,2.0,,60,40,12,0.5,0.5
-1.0743127095527667,-0.008339072600083708,0.007762239547138226,-0.010386262725825287,200,-0.008599032529333805,0.15,3.8114492858938953,-8.576807057333518,0 days 20:30:00,EURUSD,30,120,2.0,,60,40,12,1.0,0.5
-1.0743127095527667,-0.008339072600083708,0.007762239547138226,-0.010386262725825287,200,-0.008599032529333805,0.15,3.8114492858938953,-8.576807057333518,0 days 20:30:00,EURUSD,30,120,2.0,,55,40,12,1.0,0.5
-1.083984084051741,-0.008652353706880778,0.00798199330984622,-0.010799079015935487,262,-0.00892264034757162,0.13740458015267176,4.211818722661597,-6.788938450054759,0 days 11:00:00,EURUSD,30,120,1.5,,55,40,0,0.5,0.5
-1.083984084051741,-0.008652353706880778,0.00798199330984622,-0.010799079015935487,262,-0.00892264034757162,0.13740458015267176,4.211818722661597,-6.788938450054759,0 days 11:00:00,EURUSD,30,120,1.5,,55,40,0,1.0,0.5
-1.083984084051741,-0.008652353706880778,0.00798199330984622,-0.010799079015935487,262,-0.00892264034757162,0.13740458015267176,4.211818722661597,-6.788938450054759,0 days 11:00:00,EURUSD,30,120,1.5,,60,40,0,0.5,0.5
-1.083984084051741,-0.008652353706880778,0.00798199330984622,-0.010799079015935487,262,-0.00892264034757162,0.13740458015267176,4.211818722661597,-6.788938450054759,0 days 11:00:00,EURUSD,30,120,1.5,,60,35,0,0.5,0.5
-1.083984084051741,-0.008652353706880778,0.00798199330984622,-0.010799079015935487,262,-0.00892264034757162,0.13740458015267176,4.211818722661597,-6.788938450054759,0 days 11:00:00,EURUSD,30,120,1.5,,60,35,0,1.0,0.5
-1.083984084051741,-0.008652353706880778,0.00798199330984622,-0.010799079015935487,262,-0.00892264034757162,0.13740458015267176,4.211818722661597,-6.788938450054759,0 days 11:00:00,EURUSD,30,120,1.5,,55,35,0,1.0,0.5
-1.083984084051741,-0.008652353706880778,0.00798199330984622,-0.010799079015935487,262,-0.00892264034757162,0.13740458015267176,4.211818722661597,-6.788938450054759,0 days 11:00:00,EURUSD,30,120,1.5,,60,40,0,1.0,0.5
-1.083984084051741,-0.008652353706880778,0.00798199330984622,-0.010799079015935487,262,-0.00892264034757162,0.13740458015267176,4.211818722661597,-6.788938450054759,0 days 11:00:00,EURUSD,30,120,1.5,,55,35,0,0.5,0.5
-1.139264360956797,-0.005611004774887629,0.00492511217517179,-0.00856867351614281,370,-0.005777879611999492,0.3027027027027027,1.894070299187428,-3.1008596864866007,0 days 08:00:00,EURUSD,20,180,1.5,3.0,60,40,12,1.0,0.5
-1.139264360956797,-0.005611004774887629,0.00492511217517179,-0.00856867351614281,370,-0.005777879611999492,0.3027027027027027,1.894070299187428,-3.1008596864866007,0 days 08:00:00,EURUSD,20,180,1.5,3.0,55,40,12,1.0,0.5
-1.139264360956797,-0.005611004774887629,0.00492511217517179,-0.00856867351614281,370,-0.005777879611999492,0.3027027027027027,1.894070299187428,-3.1008596864866007,0 days 08:00:00,EURUSD,20,180,1.5,3.0,60,40,12,0.5,0.5
-1.139264360956797,-0.005611004774887629,0.00492511217517179,-0.00856867351614281,370,-0.005777879611999492,0.3027027027027027,1.894070299187428,-3.1008596864866007,0 days 08:00:00,EURUSD,20,180,1.5,3.0,55,35,12,0.5,0.5
-1.139264360956797,-0.005611004774887629,0.00492511217517179,-0.00856867351614281,370,-0.005777879611999492,0.3027027027027027,1.894070299187428,-3.1008596864866007,0 days 08:00:00,EURUSD,20,180,1.5,3.0,55,35,12,1.0,0.5
-1.139264360956797,-0.005611004774887629,0.00492511217517179,-0.00856867351614281,370,-0.005777879611999492,0.3027027027027027,1.894070299187428,-3.1008596864866007,0 days 08:00:00,EURUSD,20,180,1.5,3.0,60,35,12,1.0,0.5
-1.139264360956797,-0.005611004774887629,0.00492511217517179,-0.00856867351614281,370,-0.005777879611999492,0.3027027027027027,1.894070299187428,-3.1008596864866007,0 days 08:00:00,EURUSD,20,180,1.5,3.0,60,35,12,0.5,0.5
-1.139264360956797,-0.005611004774887629,0.00492511217517179,-0.00856867351614281,370,-0.005777879611999492,0.3027027027027027,1.894070299187428,-3.1008596864866007,0 days 08:00:00,EURUSD,20,180,1.5,3.0,55,40,12,0.5,0.5
-1.167662037386258,-0.0077654209539580465,0.0066504011480414986,-0.009958653411875509,528,-0.00800152451685765,0.36363636363636365,1.4912349337869246,-3.008560996536973,0 days 10:00:00,EURUSD,20,180,2.0,3.0,55,35,0,0.5,0.5
-1.167662037386258,-0.0077654209539580465,0.0066504011480414986,-0.009958653411875509,528,-0.00800152451685765,0.36363636363636365,1.4912349337869246,-3.008560996536973,0 days 10:00:00,EURUSD,20,180,2.0,3.0,60,40,0,0.5,0.5
-1.167662037386258,-0.0077654209539580465,0.0066504011480414986,-0.009958653411875509,528,-0.00800152451685765,0.36363636363636365,1.4912349337869246,-3.008560996536973,0 days 10:00:00,EURUSD,20,180,2.0,3.0,55,35,0,1.0,0.5
-1.167662037386258,-0.0077654209539580465,0.0066504011480414986,-0.009958653411875509,528,-0.00800152451685765,0.36363636363636365,1.4912349337869246,-3.008560996536973,0 days 10:00:00,EURUSD,20,180,2.0,3.0,60,40,0,1.0,0.5
-1.167662037386258,-0.0077654209539580465,0.0066504011480414986,-0.009958653411875509,528,-0.00800152451685765,0.36363636363636365,1.4912349337869246,-3.008560996536973,0 days 10:00:00,EURUSD,20,180,2.0,3.0,55,40,0,0.5,0.5
-1.167662037386258,-0.0077654209539580465,0.0066504011480414986,-0.009958653411875509,528,-0.00800152451685765,0.36363636363636365,1.4912349337869246,-3.008560996536973,0 days 10:00:00,EURUSD,20,180,2.0,3.0,55,40,0,1.0,0.5
-1.167662037386258,-0.0077654209539580465,0.0066504011480414986,-0.009958653411875509,528,-0.00800152451685765,0.36363636363636365,1.4912349337869246,-3.008560996536973,0 days 10:00:00,EURUSD,20,180,2.0,3.0,60,35,0,0.5,0.5
-1.167662037386258,-0.0077654209539580465,0.0066504011480414986,-0.009958653411875509,528,-0.00800152451685765,0.36363636363636365,1.4912349337869246,-3.008560996536973,0 days 10:00:00,EURUSD,20,180,2.0,3.0,60,35,0,1.0,0.5
-1.220865507065703,-0.0059279034677176545,0.004855492626673606,-0.007905531701615964,326,-0.006103125133285814,0.2883435582822086,1.962089893783383,-3.7219301418933153,0 days 08:00:00,EURUSD,30,180,1.5,3.0,60,35,12,1.0,0.5
-1.220865507065703,-0.0059279034677176545,0.004855492626673606,-0.007905531701615964,326,-0.006103125133285814,0.2883435582822086,1.962089893783383,-3.7219301418933153,0 days 08:00:00,EURUSD,30,180,1.5,3.0,60,40,12,0.5,0.5
-1.220865507065703,-0.0059279034677176545,0.004855492626673606,-0.007905531701615964,326,-0.006103125133285814,0.2883435582822086,1.962089893783383,-3.7219301418933153,0 days 08:00:00,EURUSD,30,180,1.5,3.0,55,40,12,1.0,0.5
-1.220865507065703,-0.0059279034677176545,0.004855492626673606,-0.007905531701615964,326,-0.006103125133285814,0.2883435582822086,1.962089893783383,-3.7219301418933153,0 days 08:00:00,EURUSD,30,180,1.5,3.0,55,40,12,0.5,0.5
-1.220865507065703,-0.0059279034677176545,0.004855492626673606,-0.007905531701615964,326,-0.006103125133285814,0.2883435582822086,1.962089893783383,-3.7219301418933153,0 days 08:00:00,EURUSD,30,180,1.5,3.0,60,40,12,1.0,0.5
-1.220865507065703,-0.0059279034677176545,0.004855492626673606,-0.007905531701615964,326,-0.006103125133285814,0.2883435582822086,1.962089893783383,-3.7219301418933153,0 days 08:00:00,EURUSD,30,180,1.5,3.0,55,35,12,1.0,0.5
-1.220865507065703,-0.0059279034677176545,0.004855492626673606,-0.007905531701615964,326,-0.006103125133285814,0.2883435582822086,1.962089893783383,-3.7219301418933153,0 days 08:00:00,EURUSD,30,180,1.5,3.0,55,35,12,0.5,0.5
-1.220865507065703,-0.0059279034677176545,0.004855492626673606,-0.007905531701615964,326,-0.006103125133285814,0.2883435582822086,1.962089893783383,-3.7219301418933153,0 days 08:00:00,EURUSD,30,180,1.5,3.0,60,35,12,0.5,0.5
-1.291635682456063,-0.008483032752151787,0.0065676667711913805,-0.011197971945780167,670,-0.008738211810570773,0.3074626865671642,1.9132287510318262,-2.586218520170708,0 days 07:00:00,EURUSD,20,120,1.5,3.0,60,40,0,1.0,0.5
-1.291635682456063,-0.008483032752151787,0.0065676667711913805,-0.011197971945780167,670,-0.008738211810570773,0.3074626865671642,1.9132287510318262,-2.586218520170708,0 days 07:00:00,EURUSD,20,120,1.5,3.0,60,40,0,0.5,0.5
-1.291635682456063,-0.008483032752151787,0.0065676667711913805,-0.011197971945780167,670,-0.008738211810570773,0.3074626865671642,1.9132287510318262,-2.586218520170708,0 days 07:00:00,EURUSD,20,120,1.5,3.0,60,35,0,1.0,0.5
-1.291635682456063,-0.008483032752151787,0.0065676667711913805,-0.011197971945780167,670,-0.008738211810570773,0.3074626865671642,1.9132287510318262,-2.586218520170708,0 days 07:00:00,EURUSD,20,120,1.5,3.0,60,35,0,0.5,0.5
-1.291635682456063,-0.008483032752151787,0.0065676667711913805,-0.011197971945780167,670,-0.008738211810570773,0.3074626865671642,1.9132287510318262,-2.586218520170708,0 days 07:00:00,EURUSD,20,120,1.5,3.0,55,40,0,1.0,0.5
-1.291635682456063,-0.008483032752151787,0.0065676667711913805,-0.011197971945780167,670,-0.008738211810570773,0.3074626865671642,1.9132287510318262,-2.586218520170708,0 days 07:00:00,EURUSD,20,120,1.5,3.0,55,40,0,0.5,0.5
-1.291635682456063,-0.008483032752151787,0.0065676667711913805,-0.011197971945780167,670,-0.008738211810570773,0.3074626865671642,1.9132287510318262,-2.586218520170708,0 days 07:00:00,EURUSD,20,120,1.5,3.0,55,35,0,1.0,0.5
-1.291635682456063,-0.008483032752151787,0.0065676667711913805,-0.011197971945780167,670,-0.008738211810570773,0.3074626865671642,1.9132287510318262,-2.586218520170708,0 days 07:00:00,EURUSD,20,120,1.5,3.0,55,35,0,0.5,0.5
-1.5202322719623247,-0.010258610855834904,0.006748054915709051,-0.012852935219054302,526,-0.010563524028095572,0.3612167300380228,1.4369340701441007,-3.994252139960439,0 days 10:00:00,EURUSD,30,120,2.0,3.0,60,40,0,0.5,0.5
-1.5202322719623247,-0.010258610855834904,0.006748054915709051,-0.012852935219054302,526,-0.010563524028095572,0.3612167300380228,1.4369340701441007,-3.994252139960439,0 days 10:00:00,EURUSD,30,120,2.0,3.0,60,40,0,1.0,0.5
-1.5202322719623247,-0.010258610855834904,0.006748054915709051,-0.012852935219054302,526,-0.010563524028095572,0.3612167300380228,1.4369340701441007,-3.994252139960439,0 days 10:00:00,EURUSD,30,120,2.0,3.0,60,35,0,0.5,0.5
-1.5202322719623247,-0.010258610855834904,0.006748054915709051,-0.012852935219054302,526,-0.010563524028095572,0.3612167300380228,1.4369340701441007,-3.994252139960439,0 days 10:00:00,EURUSD,30,120,2.0,3.0,60,35,0,1.0,0.5
-1.5202322719623247,-0.010258610855834904,0.006748054915709051,-0.012852935219054302,526,-0.010563524028095572,0.3612167300380228,1.4369340701441007,-3.994252139960439,0 days 10:00:00,EURUSD,30,120,2.0,3.0,55,35,0,0.5,0.5
-1.5202322719623247,-0.010258610855834904,0.006748054915709051,-0.012852935219054302,526,-0.010563524028095572,0.3612167300380228,1.4369340701441007,-3.994252139960439,0 days 10:00:00,EURUSD,30,120,2.0,3.0,55,40,0,1.0,0.5
-1.5202322719623247,-0.010258610855834904,0.006748054915709051,-0.012852935219054302,526,-0.010563524028095572,0.3612167300380228,1.4369340701441007,-3.994252139960439,0 days 10:00:00,EURUSD,30,120,2.0,3.0,55,35,0,1.0,0.5
-1.5202322719623247,-0.010258610855834904,0.006748054915709051,-0.012852935219054302,526,-0.010563524028095572,0.3612167300380228,1.4369340701441007,-3.994252139960439,0 days 10:00:00,EURUSD,30,120,2.0,3.0,55,40,0,0.5,0.5
-1.6680514079046445,-0.010860849357376634,0.006511099901303224,-0.014022929240815342,620,-0.011180600322285628,0.2967741935483871,1.8988875538108603,-3.5844313575117175,0 days 06:00:00,EURUSD,30,120,1.5,3.0,60,35,0,1.0,0.5
-1.6680514079046445,-0.010860849357376634,0.006511099901303224,-0.014022929240815342,620,-0.011180600322285628,0.2967741935483871,1.8988875538108603,-3.5844313575117175,0 days 06:00:00,EURUSD,30,120,1.5,3.0,55,35,0,1.0,0.5
-1.6680514079046445,-0.010860849357376634,0.006511099901303224,-0.014022929240815342,620,-0.011180600322285628,0.2967741935483871,1.8988875538108603,-3.5844313575117175,0 days 06:00:00,EURUSD,30,120,1.5,3.0,60,40,0,1.0,0.5
-1.6680514079046445,-0.010860849357376634,0.006511099901303224,-0.014022929240815342,620,-0.011180600322285628,0.2967741935483871,1.8988875538108603,-3.5844313575117175,0 days 06:00:00,EURUSD,30,120,1.5,3.0,60,40,0,0.5,0.5
-1.6680514079046445,-0.010860849357376634,0.006511099901303224,-0.014022929240815342,620,-0.011180600322285628,0.2967741935483871,1.8988875538108603,-3.5844313575117175,0 days 06:00:00,EURUSD,30,120,1.5,3.0,55,35,0,0.5,0.5
-1.6680514079046445,-0.010860849357376634,0.006511099901303224,-0.014022929240815342,620,-0.011180600322285628,0.2967741935483871,1.8988875538108603,-3.5844313575117175,0 days 06:00:00,EURUSD,30,120,1.5,3.0,55,40,0,0.5,0.5
-1.6680514079046445,-0.010860849357376634,0.006511099901303224,-0.014022929240815342,620,-0.011180600322285628,0.2967741935483871,1.8988875538108603,-3.5844313575117175,0 days 06:00:00,EURUSD,30,120,1.5,3.0,55,40,0,1.0,0.5
-1.6680514079046445,-0.010860849357376634,0.006511099901303224,-0.014022929240815342,620,-0.011180600322285628,0.2967741935483871,1.8988875538108603,-3.5844313575117175,0 days 06:00:00,EURUSD,30,120,1.5,3.0,60,35,0,0.5,0.5
-1.7747093724270226,-0.011716650455319444,0.006602010806589822,-0.01354481513643734,462,-0.012060342108762279,0.33766233766233766,1.5021481380443882,-5.198570318944824,0 days 12:00:00,EURUSD,30,180,2.0,3.0,55,35,0,0.5,0.5
-1.7747093724270226,-0.011716650455319444,0.006602010806589822,-0.01354481513643734,462,-0.012060342108762279,0.33766233766233766,1.5021481380443882,-5.198570318944824,0 days 12:00:00,EURUSD,30,180,2.0,3.0,60,35,0,1.0,0.5
-1.7747093724270226,-0.011716650455319444,0.006602010806589822,-0.01354481513643734,462,-0.012060342108762279,0.33766233766233766,1.5021481380443882,-5.198570318944824,0 days 12:00:00,EURUSD,30,180,2.0,3.0,60,35,0,0.5,0.5
-1.7747093724270226,-0.011716650455319444,0.006602010806589822,-0.01354481513643734,462,-0.012060342108762279,0.33766233766233766,1.5021481380443882,-5.198570318944824,0 days 12:00:00,EURUSD,30,180,2.0,3.0,60,40,0,0.5,0.5
-1.7747093724270226,-0.011716650455319444,0.006602010806589822,-0.01354481513643734,462,-0.012060342108762279,0.33766233766233766,1.5021481380443882,-5.198570318944824,0 days 12:00:00,EURUSD,30,180,2.0,3.0,60,40,0,1.0,0.5
-1.7747093724270226,-0.011716650455319444,0.006602010806589822,-0.01354481513643734,462,-0.012060342108762279,0.33766233766233766,1.5021481380443882,-5.198570318944824,0 days 12:00:00,EURUSD,30,180,2.0,3.0,55,40,0,1.0,0.5
-1.7747093724270226,-0.011716650455319444,0.006602010806589822,-0.01354481513643734,462,-0.012060342108762279,0.33766233766233766,1.5021481380443882,-5.198570318944824,0 days 12:00:00,EURUSD,30,180,2.0,3.0,55,40,0,0.5,0.5
-1.7747093724270226,-0.011716650455319444,0.006602010806589822,-0.01354481513643734,462,-0.012060342108762279,0.33766233766233766,1.5021481380443882,-5.198570318944824,0 days 12:00:00,EURUSD,30,180,2.0,3.0,55,35,0,1.0,0.5
-1.8452289069807297,-0.011668650704273364,0.006323687353980535,-0.014321178583758573,552,-0.012009208494857315,0.27898550724637683,1.9781254184124177,-4.328897614078893,0 days 07:00:00,EURUSD,30,180,1.5,3.0,60,35,0,1.0,0.5
-1.8452289069807297,-0.011668650704273364,0.006323687353980535,-0.014321178583758573,552,-0.012009208494857315,0.27898550724637683,1.9781254184124177,-4.328897614078893,0 days 07:00:00,EURUSD,30,180,1.5,3.0,60,40,0,0.5,0.5
-1.8452289069807297,-0.011668650704273364,0.006323687353980535,-0.014321178583758573,552,-0.012009208494857315,0.27898550724637683,1.9781254184124177,-4.328897614078893,0 days 07:00:00,EURUSD,30,180,1.5,3.0,55,35,0,0.5,0.5
-1.8452289069807297,-0.011668650704273364,0.006323687353980535,-0.014321178583758573,552,-0.012009208494857315,0.27898550724637683,1.9781254184124177,-4.328897614078893,0 days 07:00:00,EURUSD,30,180,1.5,3.0,55,35,0,1.0,0.5
-1.8452289069807297,-0.011668650704273364,0.006323687353980535,-0.014321178583758573,552,-0.012009208494857315,0.27898550724637683,1.9781254184124177,-4.328897614078893,0 days 07:00:00,EURUSD,30,180,1.5,3.0,55,40,0,0.5,0.5
-1.8452289069807297,-0.011668650704273364,0.006323687353980535,-0.014321178583758573,552,-0.012009208494857315,0.27898550724637683,1.9781254184124177,-4.328897614078893,0 days 07:00:00,EURUSD,30,180,1.5,3.0,55,40,0,1.0,0.5
-1.8452289069807297,-0.011668650704273364,0.006323687353980535,-0.014321178583758573,552,-0.012009208494857315,0.27898550724637683,1.9781254184124177,-4.328897614078893,0 days 07:00:00,EURUSD,30,180,1.5,3.0,60,35,0,0.5,0.5
-1.8452289069807297,-0.011668650704273364,0.006323687353980535,-0.014321178583758573,552,-0.012009208494857315,0.27898550724637683,1.9781254184124177,-4.328897614078893,0 days 07:00:00,EURUSD,30,180,1.5,3.0,60,40,0,1.0,0.5
-2.015338175737718,-0.01290541647575616,0.006403598478469803,-0.014856025028428121,628,-0.013280179960428518,0.2802547770700637,1.9567923507069622,-4.207119227525157,0 days 06:00:00,EURUSD,20,180,1.5,3.0,55,40,0,0.5,0.5
-2.015338175737718,-0.01290541647575616,0.006403598478469803,-0.014856025028428121,628,-0.013280179960428518,0.2802547770700637,1.9567923507069622,-4.207119227525157,0 days 06:00:00,EURUSD,20,180,1.5,3.0,55,35,0,1.0,0.5
-2.015338175737718,-0.01290541647575616,0.006403598478469803,-0.014856025028428121,628,-0.013280179960428518,0.2802547770700637,1.9567923507069622,-4.207119227525157,0 days 06:00:00,EURUSD,20,180,1.5,3.0,55,35,0,0.5,0.5
-2.015338175737718,-0.01290541647575616,0.006403598478469803,-0.014856025028428121,628,-0.013280179960428518,0.2802547770700637,1.9567923507069622,-4.207119227525157,0 days 06:00:00,EURUSD,20,180,1.5,3.0,55,40,0,1.0,0.5
-2.015338175737718,-0.01290541647575616,0.006403598478469803,-0.014856025028428121,628,-0.013280179960428518,0.2802547770700637,1.9567923507069622,-4.207119227525157,0 days 06:00:00,EURUSD,20,180,1.5,3.0,60,40,0,0.5,0.5
-2.015338175737718,-0.01290541647575616,0.006403598478469803,-0.014856025028428121,628,-0.013280179960428518,0.2802547770700637,1.9567923507069622,-4.207119227525157,0 days 06:00:00,EURUSD,20,180,1.5,3.0,60,35,0,1.0,0.5
-2.015338175737718,-0.01290541647575616,0.006403598478469803,-0.014856025028428121,628,-0.013280179960428518,0.2802547770700637,1.9567923507069622,-4.207119227525157,0 days 06:00:00,EURUSD,20,180,1.5,3.0,60,35,0,0.5,0.5
-2.015338175737718,-0.01290541647575616,0.006403598478469803,-0.014856025028428121,628,-0.013280179960428518,0.2802547770700637,1.9567923507069622,-4.207119227525157,0 days 06:00:00,EURUSD,20,180,1.5,3.0,60,40,0,1.0,0.5
