sharpe,ann_return,ann_vol,max_drawdown,trades,return_pct,win_rate,rr,expectancy,median_hold,fast,slow,atr_sl,atr_tp,rsi_long_thresh,rsi_short_thresh,cooldown,trailing_enable_atr_mult,trailing_atr_mult
-0.8857165302413342,-0.0031763522218077878,0.003586195033463264,-0.003934558723232209,370,-0.0032705001583342996,0.4918918918918919,0.8819233561318058,-1.7455351569371669,0 days 05:00:00,20,120,1.5,3.0,60,40,12,1.0,0.5
-1.0010441114094868,-0.003562681825138192,0.0035589658682691583,-0.004331375871828479,370,-0.003667358094905815,0.4918918918918919,0.8633608209308633,-1.960052960489285,0 days 05:00:00,20,120,1.5,,60,40,12,1.0,0.5
-1.2929518132918234,-0.004206328106805879,0.003253275229257517,-0.005098038196791677,338,-0.004327636916190869,0.5088757396449705,0.7615706860405538,-2.538426191828893,0 days 05:00:00,20,120,1.5,3.0,60,35,12,1.0,0.5
-1.3039925234304455,-0.005225443618151915,0.004007265014376931,-0.005556534198504513,358,-0.005377547190619225,0.553072625698324,0.6359587700800616,-2.981910564591715,0 days 06:00:00,20,120,2.0,,60,40,12,1.0,0.5
-1.3039925234304455,-0.005225443618151915,0.004007265014376931,-0.005556534198504513,358,-0.005377547190619225,0.553072625698324,0.6359587700800616,-2.981910564591715,0 days 06:00:00,20,120,2.0,3.0,60,40,12,1.0,0.5
-1.3167727329915995,-0.004909897856649081,0.0037287359721477503,-0.00551058186813181,408,-0.00505223509214392,0.4852941176470588,0.8472903795868411,-2.454265166736909,0 days 05:00:00,20,120,1.5,3.0,55,40,12,1.0,0.5
-1.424983599081878,-0.004592669058663734,0.0032229627496223865,-0.005494855345387947,338,-0.004724494852762273,0.5088757396449705,0.7427408937653422,-2.773253373232099,0 days 05:00:00,20,120,1.5,,60,35,12,1.0,0.5
-1.4304084248001552,-0.0052962458596843565,0.003702610924166155,-0.0059073990167280805,408,-0.005449093028715435,0.4852941176470588,0.830381836012998,-2.6488033709385843,0 days 05:00:00,20,120,1.5,,55,40,12,1.0,0.5
-1.5005164768272887,-0.005585429502751316,0.003722338000953658,-0.006383524898017104,330,-0.005746290255571829,0.5696969696969697,0.5687290537279553,-3.46028347974033,0 days 06:00:00,20,120,2.0,,60,35,12,1.0,0.5
-1.5005164768272887,-0.005585429502751316,0.003722338000953658,-0.006383524898017104,330,-0.005746290255571829,0.5696969696969697,0.5687290537279553,-3.46028347974033,0 days 06:00:00,20,120,2.0,3.0,60,35,12,1.0,0.5
-1.6488732048011123,-0.006852070532109122,0.0041556079097880795,-0.007242367883026672,394,-0.007049413517333902,0.5482233502538071,0.6169974205917756,-3.5560630798647432,0 days 07:00:00,20,120,2.0,3.0,55,40,12,1.0,0.5
-1.6488732048011123,-0.006852070532109122,0.0041556079097880795,-0.007242367883026672,394,-0.007049413517333902,0.5482233502538071,0.6169974205917756,-3.5560630798647432,0 days 07:00:00,20,120,2.0,,55,40,12,1.0,0.5
-1.6628868264595624,-0.006057339058415656,0.0036426646492306895,-0.007177273249263508,308,-0.006230849227095603,0.5714285714285714,0.5365855204089851,-4.023707099412508,0 days 06:00:00,20,180,2.0,3.0,60,35,12,1.0,0.5
-1.6628868264595624,-0.006057339058415656,0.0036426646492306895,-0.007177273249263508,308,-0.006230849227095603,0.5714285714285714,0.5365855204089851,-4.023707099412508,0 days 06:00:00,20,180,2.0,,60,35,12,1.0,0.5
-1.7466311348134396,-0.005955494691331054,0.003409703727723352,-0.00715006225849297,376,-0.006125371818000436,0.5,0.7372164122593284,-3.235851682978915,0 days 06:00:00,20,120,1.5,3.0,55,35,12,1.0,0.5
-1.7507176330560417,-0.005545496295722763,0.003167556087295802,-0.00662675931921617,318,-0.00570330852952361,0.5031446540880503,0.7055123525883241,-3.564698740581131,0 days 06:00:00,20,180,1.5,3.0,60,35,12,1.0,0.5
-1.8581289450546026,-0.007212071928822783,0.003881362457658099,-0.00831232275020728,366,-0.007418156582286506,0.5628415300546448,0.5557344056537168,-4.0313071575332895,0 days 07:00:00,20,120,2.0,3.0,55,35,12,1.0,0.5
-1.8581289450546026,-0.007212071928822783,0.003881362457658099,-0.00831232275020728,366,-0.007418156582286506,0.5628415300546448,0.5557344056537168,-4.0313071575332895,0 days 07:00:00,20,120,2.0,,55,35,12,1.0,0.5
-1.875813945889676,-0.006341854229035326,0.003380854611371098,-0.00754687940708924,376,-0.00652222975457184,0.5,0.7200734112333993,-3.4469463300913707,0 days 06:00:00,20,120,1.5,,55,35,12,1.0,0.5
-1.8760226907056312,-0.006153041280768767,0.003279833080512696,-0.00723964262803915,354,-0.006327894457572092,0.4971751412429379,0.7218997927442432,-3.5527624494755288,0 days 06:00:00,20,180,1.5,3.0,55,35,12,1.0,0.5
-1.891303492574164,-0.005931851463326643,0.0031363826517620814,-0.007023610592987313,318,-0.006100166466095125,0.5031446540880503,0.6857678954651267,-3.814294927104036,0 days 06:00:00,20,180,1.5,,60,35,12,1.0,0.5
-1.8993225708178976,-0.006376664772634211,0.0033573363843553195,-0.007767995279107128,358,-0.006557914066666948,0.48044692737430167,0.7681862513285723,-3.64135852216026,0 days 05:00:00,20,180,1.5,3.0,60,40,12,1.0,0.5
-1.9092816822279135,-0.007401600852884438,0.0038766416300855177,-0.00817988994350366,348,-0.007612859284096052,0.5517241379310345,0.5677768050080089,-4.352930269020267,0 days 07:00:00,20,180,2.0,3.0,60,40,12,1.0,0.5
-1.9092816822279135,-0.007401600852884438,0.0038766416300855177,-0.00817988994350366,348,-0.007612859284096052,0.5517241379310345,0.5677768050080089,-4.352930269020267,0 days 07:00:00,20,180,2.0,,60,40,12,1.0,0.5
-1.9742409789893922,-0.006831662036173913,0.0034603992667962043,-0.007841047360434233,392,-0.007025745061001065,0.47959183673469385,0.7754991043785956,-3.5622602678572743,0 days 05:00:00,20,180,1.5,3.0,55,40,12,1.0,0.5
-2.0089846575034795,-0.010569576065976083,0.005261153203186061,-0.011508566411421709,614,-0.010873901873047154,0.5732899022801303,0.5591667515406888,-3.5196679951296352,0 days 05:00:00,20,180,2.0,3.0,60,35,0,1.0,0.5
-2.01225942438907,-0.00653940290854782,0.0032497812306349163,-0.007636493901810294,354,-0.006724752394143607,0.4971751412429379,0.7036318366895168,-3.776975972962205,0 days 06:00:00,20,180,1.5,,55,35,12,1.0,0.5
-2.0321531017005947,-0.006763028792601267,0.003328011450978604,-0.00816484655287827,358,-0.006954772003238463,0.48044692737430167,0.7491161515145179,-3.8630668666135657,0 days 05:00:00,20,180,1.5,,60,40,12,1.0,0.5
-2.103157401089442,-0.007218030893121452,0.0034319974764525423,-0.008237898634205376,392,-0.0074226029975725805,0.47959183673469385,0.7579010557404519,-3.7647388069243246,0 days 05:00:00,20,180,1.5,,55,40,12,1.0,0.5
-2.145823856987689,-0.007994031967418103,0.003725390572663377,-0.00907855060045829,344,-0.008220928433619878,0.5523255813953488,0.543160634809357,-4.757287586987863,0 days 06:30:00,20,180,2.0,3.0,55,35,12,1.0,0.5
-2.145823856987689,-0.007994031967418103,0.003725390572663377,-0.00907855060045829,344,-0.008220928433619878,0.5523255813953488,0.543160634809357,-4.757287586987863,0 days 06:30:00,20,180,2.0,,55,35,12,1.0,0.5
-2.1734560674893277,-0.011716984890838167,0.00539094627496799,-0.012601499856933998,660,-0.012053313576237734,0.5636363636363636,0.5777741415398802,-3.6302027170419753,0 days 05:30:00,20,120,2.0,3.0,60,35,0,1.0,0.5
-2.2031814372609726,-0.012667000067971723,0.00574941303232816,-0.01338351046709075,728,-0.01303124022142832,0.5576923076923077,0.5954170597561528,-3.557673389403563,0 days 05:00:00,20,120,2.0,3.0,60,40,0,1.0,0.5
-2.2718244063661035,-0.01171278442190693,0.00515567329459327,-0.012682240553393061,608,-0.01204773967795203,0.5723684210526315,0.5370666996490538,-3.9407508565634064,0 days 05:00:00,20,180,2.0,,60,35,0,1.0,0.5
-2.3156623430463257,-0.00915006011834596,0.003951379243965583,-0.009565761495024812,382,-0.009409469288620298,0.5392670157068062,0.568377830943034,-4.9041308778110615,0 days 07:00:00,20,180,2.0,3.0,55,40,12,1.0,0.5
-2.3156623430463257,-0.00915006011834596,0.003951379243965583,-0.009565761495024812,382,-0.009409469288620298,0.5392670157068062,0.568377830943034,-4.9041308778110615,0 days 07:00:00,20,180,2.0,,55,40,12,1.0,0.5
-2.432064177624419,-0.0128602314758689,0.005287784588164306,-0.01377521701799419,654,-0.01322715138114261,0.5626911314984709,0.5567982413615339,-4.0226822095239445,0 days 06:00:00,20,120,2.0,,60,35,0,1.0,0.5
-2.4429982448569807,-0.01381027768568921,0.005653003523339698,-0.014557227628150942,722,-0.014205078026333195,0.556786703601108,0.5761025416536841,-3.912585317543974,0 days 05:00:00,20,120,2.0,,60,40,0,1.0,0.5
-2.458444561629171,-0.013779101374688518,0.005604804594640659,-0.014450349995923576,698,-0.014172778522476115,0.5587392550143266,0.5683247870980693,-4.03865151245746,0 days 05:00:00,20,180,2.0,3.0,60,40,0,1.0,0.5
-2.533989878618288,-0.008254325521713679,0.0032574421829240007,-0.009490249467957698,340,-0.008486682898190323,0.4588235294117647,0.7473598230068963,-4.969822665994689,0 days 05:30:00,30,180,1.5,3.0,55,35,12,1.0,0.5
-2.5599850350401905,-0.008339440554701594,0.003257613009667718,-0.008866854595457718,382,-0.008574128014286697,0.612565445026178,0.37175252237328665,-4.4667645205685735,0 days 05:00:00,20,120,2.0,3.0,60,40,12,0.5,0.5
-2.5599850350401905,-0.008339440554701594,0.003257613009667718,-0.008866854595457718,382,-0.008574128014286697,0.612565445026178,0.37175252237328665,-4.4667645205685735,0 days 05:00:00,20,120,2.0,,60,40,12,0.5,0.5
-2.5783552514808656,-0.012305168028064806,0.004772487430115533,-0.013647378439352627,696,-0.012654339483904598,0.5086206896551724,0.693749617779123,-3.6140201143406148,0 days 04:00:00,20,180,1.5,3.0,60,35,0,1.0,0.5
-2.647024028068241,-0.00754863126649441,0.0028517426311401067,-0.008090544587808684,394,-0.007760401902811465,0.5634517766497462,0.45899333704815554,-3.9169703100558078,0 days 04:00:00,20,120,1.5,3.0,60,40,12,0.5,0.5
-2.647024028068241,-0.00754863126649441,0.0028517426311401067,-0.008090544587808684,394,-0.007760401902811465,0.5634517766497462,0.45899333704815554,-3.9169703100558078,0 days 04:00:00,20,120,1.5,,60,40,12,0.5,0.5
-2.671804159827952,-0.012693271163917164,0.004750823939406746,-0.014045823024810996,696,-0.013052911369619058,0.5086206896551724,0.6851292818622975,-3.7285523142585126,0 days 04:00:00,20,180,1.5,,60,35,0,1.0,0.5
-2.6774418535787166,-0.008640709353202491,0.003227225772112722,-0.00988695926874473,340,-0.008883540834761838,0.4588235294117647,0.7270616468587702,-5.2032685110367005,0 days 05:30:00,30,180,1.5,,55,35,12,1.0,0.5
-2.6811524985801967,-0.007392671738589041,0.0027572738747623747,-0.007983062675116389,324,-0.0075999001601918525,0.6234567901234568,0.32576833867803207,-4.669003001352324,0 days 04:00:00,20,180,2.0,3.0,60,35,12,0.5,0.5
-2.6811524985801967,-0.007392671738589041,0.0027572738747623747,-0.007983062675116389,324,-0.0075999001601918525,0.6234567901234568,0.32576833867803207,-4.669003001352324,0 days 04:00:00,20,180,2.0,,60,35,12,0.5,0.5
-2.710203826712837,-0.014922412203070223,0.005506011044626624,-0.015624168093406285,692,-0.015346616327381102,0.5578034682080925,0.5479281913050931,-4.413120126410784,0 days 05:00:00,20,180,2.0,,60,40,0,1.0,0.5
-2.7621203645780996,-0.00766006653979201,0.002773255879079711,-0.008435361584702861,350,-0.007874665049144247,0.64,0.31295124717158296,-4.477497637224688,0 days 04:00:00,20,120,2.0,,60,35,12,0.5,0.5
-2.7621203645780996,-0.00766006653979201,0.002773255879079711,-0.008435361584702861,350,-0.007874665049144247,0.64,0.31295124717158296,-4.477497637224688,0 days 04:00:00,20,120,2.0,3.0,60,35,12,0.5,0.5
-2.777901704919129,-0.011581387890674089,0.004169113640761904,-0.012463831119225133,374,-0.011908090582857689,0.5240641711229946,0.5563191587999278,-6.345667733078871,0 days 06:00:00,30,120,2.0,3.0,55,40,12,1.0,0.5
-2.777901704919129,-0.011581387890674089,0.004169113640761904,-0.012463831119225133,374,-0.011908090582857689,0.5240641711229946,0.5563191587999278,-6.345667733078871,0 days 06:00:00,30,120,2.0,,55,40,12,1.0,0.5
-2.782027955314954,-0.013704806913671042,0.004926193098631001,-0.014915596254644833,760,-0.014092844191381348,0.5,0.710574887114164,-3.686367015626765,0 days 05:00:00,20,120,1.5,3.0,60,35,0,1.0,0.5
-2.7827204079294976,-0.010742797352681799,0.0038605378111540322,-0.012274442696335831,350,-0.011045360856571373,0.5485714285714286,0.49617214343655897,-6.289324945469564,0 days 06:00:00,30,120,2.0,,55,35,12,1.0,0.5
-2.7827204079294976,-0.010742797352681799,0.0038605378111540322,-0.012274442696335831,350,-0.011045360856571373,0.5485714285714286,0.49617214343655897,-6.289324945469564,0 days 06:00:00,30,120,2.0,3.0,55,35,12,1.0,0.5
-2.817404916849519,-0.016921161688381647,0.006005938864940735,-0.01775433975073098,818,-0.01740251877314336,0.5452322738386308,0.5921497769698757,-4.232569417883489,0 days 05:00:00,20,120,2.0,3.0,55,40,0,1.0,0.5
-2.820848976858899,-0.015971033942470236,0.005661782702119157,-0.016972329140574224,750,-0.016424592127952775,0.5493333333333333,0.5764055169555251,-4.3575857994541405,0 days 05:00:00,20,120,2.0,3.0,55,35,0,1.0,0.5
-2.8231953797354556,-0.009218752453632684,0.0032653611293797587,-0.010432771558466785,364,-0.009477520862429256,0.47802197802197804,0.674365617467621,-5.185103934301669,0 days 05:00:00,30,120,1.5,3.0,55,35,12,1.0,0.5
-2.8231953797354556,-0.009218752453632684,0.0032653611293797587,-0.010432771558466785,364,-0.009477520862429256,0.47802197802197804,0.674365617467621,-5.185103934301669,0 days 05:00:00,30,120,1.5,,55,35,12,1.0,0.5
-2.8266322444574636,-0.015590999842978959,0.005515751075701556,-0.016667934015991117,708,-0.016033417241952397,0.5508474576271186,0.5648447372777176,-4.506901386992349,0 days 05:00:00,20,180,2.0,3.0,55,35,0,1.0,0.5
-2.837763848152224,-0.014822110559078672,0.005223165616381332,-0.015731678860038588,566,-0.01524205421742797,0.5371024734982333,0.5668032135456832,-5.363570939020858,0 days 05:00:00,30,180,2.0,3.0,60,35,0,1.0,0.5
-2.873054711148482,-0.014092925409568635,0.004905206070348411,-0.015314127176229103,760,-0.014491416077095809,0.5,0.7023504800170121,-3.7912543987094702,0 days 05:00:00,20,120,1.5,,60,35,0,1.0,0.5
-2.976825118631711,-0.010350955791358252,0.0034771796725889086,-0.010933666792182002,420,-0.010641390545096496,0.6047619047619047,0.363598226140404,-5.044997466235994,0 days 04:30:00,20,120,2.0,3.0,55,40,12,0.5,0.5
-2.976825118631711,-0.010350955791358252,0.0034771796725889086,-0.010933666792182002,420,-0.010641390545096496,0.6047619047619047,0.363598226140404,-5.044997466235994,0 days 04:30:00,20,120,2.0,,55,40,12,0.5,0.5
-2.9787989570851887,-0.015648823449771032,0.005253400338599454,-0.016623583576756373,850,-0.016091382628667383,0.4894117647058824,0.7359438324966414,-3.7639275808629264,0 days 04:00:00,20,120,1.5,3.0,60,40,0,1.0,0.5
-3.0138026871392727,-0.007158713651517878,0.0023753093333104,-0.00799558875173851,356,-0.00735853156181121,0.5898876404494382,0.3755453088629437,-4.111694986410136,0 days 03:00:00,20,120,1.5,,60,35,12,0.5,0.5
-3.0138026871392727,-0.007158713651517878,0.0023753093333104,-0.00799558875173851,356,-0.00735853156181121,0.5898876404494382,0.3755453088629437,-4.111694986410136,0 days 03:00:00,20,120,1.5,3.0,60,35,12,0.5,0.5
-3.0157834496239606,-0.010834993073566501,0.0035927622969472565,-0.011932302792218515,326,-0.011139059267666451,0.5214723926380368,0.5299226436508537,-6.8114319323110255,0 days 06:00:00,30,180,2.0,,55,35,12,1.0,0.5
-3.0157834496239606,-0.010834993073566501,0.0035927622969472565,-0.011932302792218515,326,-0.011139059267666451,0.5214723926380368,0.5299226436508537,-6.8114319323110255,0 days 06:00:00,30,180,2.0,3.0,55,35,12,1.0,0.5
-3.0202107323581027,-0.016644268744512303,0.005510962717332273,-0.01792946224055352,622,-0.017115240516713537,0.5434083601286174,0.5462980584373152,-5.481016681901852,0 days 05:00:00,30,120,2.0,3.0,60,35,0,1.0,0.5
-3.038122763927915,-0.010801447298859457,0.003555303105953009,-0.011476749532169359,392,-0.011104461424429779,0.6071428571428571,0.3479898835338457,-5.643234832871922,0 days 04:00:00,30,120,2.0,,55,40,12,0.5,0.5
-3.038122763927915,-0.010801447298859457,0.003555303105953009,-0.011476749532169359,392,-0.011104461424429779,0.6071428571428571,0.3479898835338457,-5.643234832871922,0 days 04:00:00,30,120,2.0,3.0,55,40,12,0.5,0.5
-3.0512094212561918,-0.01804510011224092,0.00591408114648902,-0.018908058875345902,812,-0.018556356486048142,0.5443349753694581,0.574365822263492,-4.548204618731098,0 days 05:00:00,20,120,2.0,,55,40,0,1.0,0.5
-3.057476804994174,-0.015658274933586402,0.005121306205172091,-0.016670530193013903,800,-0.01610039813319042,0.49,0.7193123753728555,-4.002821757797767,0 days 04:00:00,20,180,1.5,3.0,60,40,0,1.0,0.5
-3.064101260543429,-0.016036963052523667,0.005233822804432859,-0.01702211449834064,850,-0.016489954514381844,0.4894117647058824,0.728296484498098,-3.857709241030993,0 days 04:00:00,20,120,1.5,,60,40,0,1.0,0.5
-3.072398535914941,-0.01709494172707371,0.0055640378444533215,-0.01812604826518915,744,-0.017578429840857557,0.5483870967741935,0.5571938705306284,-4.703077575499411,0 days 06:00:00,20,120,2.0,,55,35,0,1.0,0.5
-3.0865060931295027,-0.016714894362109045,0.005415474279903755,-0.01782161085448536,702,-0.01718725495485718,0.5498575498575499,0.5444228507816891,-4.8743398127799695,0 days 05:00:00,20,180,2.0,,55,35,0,1.0,0.5
-3.1203964636494543,-0.015965454447941507,0.005116482675816501,-0.01690533892008104,560,-0.016415892022332845,0.5357142857142857,0.5409293184719683,-5.840502720119215,0 days 05:00:00,30,180,2.0,,60,35,0,1.0,0.5
-3.145600402048765,-0.016046414350117222,0.005101224662759456,-0.017068966880928186,800,-0.01649897001890499,0.49,0.7113200117793759,-4.102464771726337,0 days 04:00:00,20,180,1.5,,60,40,0,1.0,0.5
-3.1513680297687223,-0.018233123949635277,0.005785780580814422,-0.019191697258293294,680,-0.018748714096142538,0.538235294117647,0.557440565229751,-5.492040701806866,0 days 05:00:00,30,120,2.0,3.0,60,40,0,1.0,0.5
-3.170183234444252,-0.010149539589125456,0.0032015624456182947,-0.011301534892181452,372,-0.010433537374571755,0.6236559139784946,0.31275688756914827,-5.587124403533231,0 days 04:00:00,30,120,2.0,3.0,55,35,12,0.5,0.5
-3.170183234444252,-0.010149539589125456,0.0032015624456182947,-0.011301534892181452,372,-0.010433537374571755,0.6236559139784946,0.31275688756914827,-5.587124403533231,0 days 04:00:00,30,120,2.0,,55,35,12,0.5,0.5
-3.18470362043099,-0.0186126193275713,0.005844380371273742,-0.019416312788475058,790,-0.01913882468938144,0.5417721518987342,0.5706658157802373,-4.822964439337082,0 days 05:00:00,20,180,2.0,3.0,55,40,0,1.0,0.5
-3.19403719657856,-0.00967154061273312,0.003027998741872273,-0.0105799945526085,388,-0.009941927579954046,0.6288659793814433,0.3099310711729503,-5.102368716470522,0 days 04:00:00,20,120,2.0,3.0,55,35,12,0.5,0.5
-3.19403719657856,-0.00967154061273312,0.003027998741872273,-0.0105799945526085,388,-0.009941927579954046,0.6288659793814433,0.3099310711729503,-5.102368716470522,0 days 04:00:00,20,120,2.0,,55,35,12,0.5,0.5
-3.237120964974756,-0.017837506539004178,0.005510299655775539,-0.018489627842975597,630,-0.01834081468076143,0.5301587301587302,0.5614553719901592,-5.800159819924557,0 days 05:00:00,30,180,2.0,3.0,60,40,0,1.0,0.5
-3.2378981290156474,-0.017713795689722533,0.005470769920456917,-0.01882584510168644,644,-0.018213534242476292,0.531055900621118,0.5672780655917645,-5.634043169713317,0 days 05:00:00,30,180,2.0,3.0,55,35,0,1.0,0.5
-3.258455137889703,-0.008563251522511472,0.002628009642648434,-0.009415340555417382,358,-0.008802176995095334,0.5363128491620112,0.4458177221231044,-4.895067879941727,0 days 04:00:00,30,180,1.5,,55,35,12,0.5,0.5
-3.258455137889703,-0.008563251522511472,0.002628009642648434,-0.009415340555417382,358,-0.008802176995095334,0.5363128491620112,0.4458177221231044,-4.895067879941727,0 days 04:00:00,30,180,1.5,3.0,55,35,12,0.5,0.5
-3.2694822479333254,-0.013599358639986625,0.0041594838597404605,-0.014461866970304504,348,-0.01398099804104791,0.5057471264367817,0.5347817609374939,-8.012790271866582,0 days 06:00:00,30,120,2.0,3.0,60,40,12,1.0,0.5
-3.2694822479333254,-0.013599358639986625,0.0041594838597404605,-0.014461866970304504,348,-0.01398099804104791,0.5057471264367817,0.5347817609374939,-8.012790271866582,0 days 06:00:00,30,120,2.0,,60,40,12,1.0,0.5
-3.277304467134649,-0.00765994500363143,0.002337269875425559,-0.008256562458617212,332,-0.007873404535524875,0.5662650602409639,0.37529659008675625,-4.720720375616966,0 days 03:00:00,20,180,1.5,3.0,60,35,12,0.5,0.5
-3.277304467134649,-0.00765994500363143,0.002337269875425559,-0.008256562458617212,332,-0.007873404535524875,0.5662650602409639,0.37529659008675625,-4.720720375616966,0 days 03:00:00,20,180,1.5,,60,35,12,0.5,0.5
-3.287969283047122,-0.017787672064063176,0.005409926472177523,-0.019103179401613712,616,-0.018289078321618413,0.5422077922077922,0.5231322315952884,-5.915734980395953,0 days 06:00:00,30,120,2.0,,60,35,0,1.0,0.5
-3.308817391272327,-0.008986062348063761,0.002715792769877937,-0.009755071462275475,382,-0.009236794202143628,0.5654450261780105,0.3987052278905283,-4.813713836724239,0 days 04:00:00,30,120,1.5,3.0,55,35,12,0.5,0.5
-3.308817391272327,-0.008986062348063761,0.002715792769877937,-0.009755071462275475,382,-0.009236794202143628,0.5654450261780105,0.3987052278905283,-4.813713836724239,0 days 04:00:00,30,120,1.5,,55,35,12,0.5,0.5
-3.3149626388833737,-0.012760720943482462,0.0038494313009153065,-0.014272478547415202,324,-0.013118268314761483,0.5308641975308642,0.469099495460211,-8.07541670787784,0 days 06:00:00,30,120,2.0,3.0,60,35,12,1.0,0.5
-3.3149626388833737,-0.012760720943482462,0.0038494313009153065,-0.014272478547415202,324,-0.013118268314761483,0.5308641975308642,0.469099495460211,-8.07541670787784,0 days 06:00:00,30,120,2.0,,60,35,12,1.0,0.5
-3.3253869305056014,-0.010670665637731003,0.003208849334146088,-0.011858776579530517,336,-0.0109689192106186,0.4642857142857143,0.6358120003240477,-6.50684023727342,0 days 05:00:00,30,120,1.5,,60,35,12,1.0,0.5
-3.3253869305056014,-0.010670665637731003,0.003208849334146088,-0.011858776579530517,336,-0.0109689192106186,0.4642857142857143,0.6358120003240477,-6.50684023727342,0 days 05:00:00,30,120,1.5,3.0,60,35,12,1.0,0.5
-3.3548715840962835,-0.01093012330005605,0.0032579855967871107,-0.01134740709716338,366,-0.011235621307048138,0.43169398907103823,0.742550282269763,-6.1173583459279675,0 days 06:00:00,30,180,1.5,3.0,55,40,12,1.0,0.5
-3.3791007874894996,-0.017153190609077384,0.005076258948115405,-0.01851267300074808,782,-0.01763563841990501,0.4859335038363171,0.6981867535149586,-4.488090665960508,0 days 04:00:00,20,180,1.5,3.0,55,35,0,1.0,0.5
-3.395481869388579,-0.012018586626495242,0.0035395820354238608,-0.012672156695521675,360,-0.01235474804733383,0.6,0.3197927595130253,-6.841488858518699,0 days 05:00:00,30,120,2.0,3.0,60,40,12,0.5,0.5
-3.395481869388579,-0.012018586626495242,0.0035395820354238608,-0.012672156695521675,360,-0.01235474804733383,0.6,0.3197927595130253,-6.841488858518699,0 days 05:00:00,30,120,2.0,,60,40,12,0.5,0.5
-3.40551183603843,-0.01937657847716212,0.005689769823176577,-0.020365414419353484,674,-0.019922551901047414,0.5370919881305638,0.5359557340376568,-5.889448143931193,0 days 05:00:00,30,120,2.0,,60,40,0,1.0,0.5
-3.4324955245233495,-0.019736609241135072,0.0057499300727786905,-0.020570131129736793,784,-0.02029266240228622,0.5408163265306123,0.5518207527862629,-5.154390655175065,0 days 05:00:00,20,180,2.0,,55,40,0,1.0,0.5
-3.436360257894262,-0.018031114254389524,0.0052471548095014515,-0.01937493475023325,850,-0.018538239190047934,0.48705882352941177,0.702702758011816,-4.339659858834966,0 days 04:00:00,20,120,1.5,3.0,55,35,0,1.0,0.5
-3.4451846246878355,-0.010847874362001186,0.003148706250534861,-0.011763895546813515,344,-0.011150771416761684,0.5813953488372093,0.3467983039071202,-6.460645831838506,0 days 04:00:00,30,180,2.0,,55,35,12,0.5,0.5
-3.4451846246878355,-0.010847874362001186,0.003148706250534861,-0.011763895546813515,344,-0.011150771416761684,0.5813953488372093,0.3467983039071202,-6.460645831838506,0 days 04:00:00,30,180,2.0,3.0,55,35,12,0.5,0.5
-3.456942406878107,-0.010374175570325828,0.003000968587062615,-0.011022684713367054,436,-0.010663676515002107,0.5458715596330275,0.43900432154728275,-4.869252593119483,0 days 04:00:00,20,120,1.5,,55,40,12,0.5,0.5
-3.456942406878107,-0.010374175570325828,0.003000968587062615,-0.011022684713367054,436,-0.010663676515002107,0.5458715596330275,0.43900432154728275,-4.869252593119483,0 days 04:00:00,20,120,1.5,3.0,55,40,12,0.5,0.5
-3.4693996584122466,-0.017541345973866473,0.005056017669032164,-0.01891111758620645,782,-0.01803421030561947,0.4859335038363171,0.690029037574365,-4.59002725309971,0 days 04:00:00,20,180,1.5,,55,35,0,1.0,0.5
-3.486235847594276,-0.02004585763261313,0.005750000432829593,-0.021337922368558408,718,-0.020610268756666494,0.5348189415041783,0.5513333054742849,-5.718731570102314,0 days 05:00:00,30,120,2.0,3.0,55,35,0,1.0,0.5
-3.506091851519857,-0.011316536000995359,0.0032276781328731447,-0.011744258370934525,366,-0.011632479243619653,0.43169398907103823,0.7222051564334672,-6.334220606349506,0 days 06:00:00,30,180,1.5,,55,40,12,1.0,0.5
-3.5080931910016204,-0.018837754996289147,0.005369798910875183,-0.019979508098182615,638,-0.019367371955381074,0.5297805642633229,0.5442474332383407,-6.048940702000521,0 days 05:00:00,30,180,2.0,,55,35,0,1.0,0.5
-3.5089407715563494,-0.018980947225062272,0.005409309663737497,-0.019663445940458307,624,-0.019514652485666306,0.5288461538461539,0.5375583108115098,-6.232373490918953,0 days 05:00:00,30,180,2.0,,60,40,0,1.0,0.5
-3.5234714385665833,-0.018419279360555207,0.00522759434316531,-0.01977346567181752,850,-0.018936811075762394,0.48705882352941177,0.6951407484711695,-4.433441519003033,0 days 04:00:00,20,120,1.5,,55,35,0,1.0,0.5
-3.544415864813577,-0.011270246398314976,0.0031797189799870587,-0.012353192472757612,312,-0.011584770397189081,0.4166666666666667,0.7150730787219127,-7.403839216147931,0 days 06:00:00,30,180,1.5,3.0,60,35,12,1.0,0.5
-3.555764612631518,-0.010998775090377277,0.0030932236209633133,-0.01139898349681112,368,-0.011305615396191682,0.5760869565217391,0.3416641004858913,-6.122090313147087,0 days 05:00:00,20,180,2.0,,60,40,12,0.5,0.5
-3.555764612631518,-0.010998775090377277,0.0030932236209633133,-0.01139898349681112,368,-0.011305615396191682,0.5760869565217391,0.3416641004858913,-6.122090313147087,0 days 05:00:00,20,180,2.0,3.0,60,40,12,0.5,0.5
-3.5640339873753604,-0.016646857888960476,0.004670791004779283,-0.01792417264745077,652,-0.017113580903713288,0.46932515337423314,0.7049841378952084,-5.227278952673274,0 days 04:00:00,30,180,1.5,3.0,60,35,0,1.0,0.5
-3.5703479820427977,-0.011366656777852424,0.0031836271520371295,-0.012497063936409454,340,-0.011683823997475806,0.6176470588235294,0.2807373326824748,-6.850582978515588,0 days 04:30:00,30,120,2.0,,60,35,12,0.5,0.5
-3.5703479820427977,-0.011366656777852424,0.0031836271520371295,-0.012497063936409454,340,-0.011683823997475806,0.6176470588235294,0.2807373326824748,-6.850582978515588,0 days 04:30:00,30,120,2.0,3.0,60,35,12,0.5,0.5
-3.576753971340754,-0.01109104941933614,0.0031008700928844253,-0.0117555312211956,308,-0.011400431986856696,0.5714285714285714,0.330410234166107,-7.380580025232113,0 days 05:00:00,30,180,2.0,3.0,60,35,12,0.5,0.5
-3.576753971340754,-0.01109104941933614,0.0031008700928844253,-0.0117555312211956,308,-0.011400431986856696,0.5714285714285714,0.330410234166107,-7.380580025232113,0 days 05:00:00,30,180,2.0,,60,35,12,0.5,0.5
-3.5917706895016788,-0.019959790020978474,0.005557089175909415,-0.021066923748777857,940,-0.020520777659334022,0.4787234042553192,0.7264123527141525,-4.343840842411563,0 days 04:00:00,20,120,1.5,3.0,55,40,0,1.0,0.5
-3.5967950402356026,-0.02163486594219921,0.006015039973137321,-0.022771201229738983,776,-0.022243742336095496,0.5309278350515464,0.5607857084930877,-5.710624443839149,0 days 05:00:00,30,120,2.0,3.0,55,40,0,1.0,0.5
-3.602079711560687,-0.010512556134239293,0.002918468489328482,-0.011188697221579457,364,-0.010805588526572651,0.5934065934065934,0.32251488853289817,-5.914799655259224,0 days 04:00:00,20,180,2.0,3.0,55,35,12,0.5,0.5
-3.602079711560687,-0.010512556134239293,0.002918468489328482,-0.011188697221579457,364,-0.010805588526572651,0.5934065934065934,0.32251488853289817,-5.914799655259224,0 days 04:00:00,20,180,2.0,,55,35,12,0.5,0.5
-3.606139092687678,-0.013659221204538108,0.0037877688168588652,-0.014134315737826109,350,-0.014040993561142856,0.49142857142857144,0.5510315503702645,-8.001100340081836,0 days 07:00:00,30,180,2.0,3.0,55,40,12,1.0,0.5
-3.606139092687678,-0.013659221204538108,0.0037877688168588652,-0.014134315737826109,350,-0.014040993561142856,0.49142857142857144,0.5510315503702645,-8.001100340081836,0 days 07:00:00,30,180,2.0,,55,40,12,1.0,0.5
-3.6070714902892616,-0.02072943792996418,0.005746888573118307,-0.02159660263575919,708,-0.021312294705809753,0.5254237288135594,0.5622781985513843,-5.998083808420963,0 days 05:00:00,30,180,2.0,3.0,55,40,0,1.0,0.5
-3.6356362109675033,-0.012973661093026667,0.0035684706445296846,-0.01395099591000084,298,-0.013335951865904083,0.4899328859060403,0.5163897060786669,-8.9279926831577,0 days 06:00:00,30,180,2.0,,60,35,12,1.0,0.5
-3.6356362109675033,-0.012973661093026667,0.0035684706445296846,-0.01395099591000084,298,-0.013335951865904083,0.4899328859060403,0.5163897060786669,-8.9279926831577,0 days 06:00:00,30,180,2.0,3.0,60,35,12,1.0,0.5
-3.6645831912229054,-0.01703500805757907,0.004648552691716716,-0.018322597089421213,652,-0.01751215278942775,0.46932515337423314,0.6950430827953615,-5.349540319456796,0 days 04:00:00,30,180,1.5,,60,35,0,1.0,0.5
-3.6737706013212375,-0.02034797616033912,0.005538717129757955,-0.021465454670362125,940,-0.020919349545048482,0.4787234042553192,0.7193462385252902,-4.428643407457155,0 days 04:00:00,20,120,1.5,,55,40,0,1.0,0.5
-3.6798230671059304,-0.012064598209133304,0.0032785810592305857,-0.01268743002612165,394,-0.012401111636430318,0.4416243654822335,0.698108658714594,-6.272683992095998,0 days 05:00:00,30,120,1.5,,55,40,12,1.0,0.5
-3.6798230671059304,-0.012064598209133304,0.0032785810592305857,-0.01268743002612165,394,-0.012401111636430318,0.4416243654822335,0.698108658714594,-6.272683992095998,0 days 05:00:00,30,120,1.5,3.0,55,40,12,1.0,0.5
-3.7021533369858606,-0.011656662764379266,0.0031486169543343758,-0.012749945433429895,312,-0.011981628333760597,0.4166666666666667,0.6915389714157838,-7.6582353293347385,0 days 06:00:00,30,180,1.5,,60,35,12,1.0,0.5
-3.7188792685425867,-0.018557539783918275,0.004990089337100448,-0.019879618410501954,724,-0.019077591291476015,0.46685082872928174,0.7090929670033423,-5.247735270573763,0 days 04:00:00,30,180,1.5,3.0,55,35,0,1.0,0.5
-3.744312381494618,-0.021169892016197234,0.005653879767303721,-0.022491641493173335,712,-0.021764106469571276,0.5337078651685393,0.5306183523630152,-6.091221395947217,0 days 05:00:00,30,120,2.0,,55,35,0,1.0,0.5
-3.7658634252788685,-0.020354138759651974,0.005404906248862361,-0.021493437683143768,884,-0.020924942135476465,0.47285067873303166,0.7191211197338002,-4.711857775899778,0 days 04:00:00,20,180,1.5,3.0,55,40,0,1.0,0.5
-3.812416394239293,-0.018945710261325743,0.004969475603439707,-0.020278046038720673,724,-0.019476163177190475,0.46685082872928174,0.7000250110063613,-5.357838048395388,0 days 04:00:00,30,180,1.5,,55,35,0,1.0,0.5
-3.8422371153373023,-0.022758950833389524,0.005923359269666407,-0.023924920354353906,770,-0.023397580049000277,0.5298701298701298,0.541446309863301,-6.054993422078098,0 days 05:00:00,30,120,2.0,,55,40,0,1.0,0.5
-3.8511586621216103,-0.020742328935442367,0.005385996983052207,-0.021891874371058054,884,-0.021323514021190926,0.47285067873303166,0.7115598482795629,-4.802032449138304,0 days 04:00:00,20,180,1.5,,55,40,0,1.0,0.5
-3.867271908873136,-0.02185349266285075,0.005650880821881108,-0.022750420977020926,702,-0.022466132418714535,0.5242165242165242,0.540843269855427,-6.378267383109684,0 days 05:00:00,30,180,2.0,,55,40,0,1.0,0.5
-3.87182003675782,-0.010260576935421928,0.002650065560385373,-0.010676594721446293,378,-0.010545967537524903,0.5238095238095238,0.41469132104242623,-5.5575908219703924,0 days 04:00:00,20,180,1.5,3.0,60,40,12,0.5,0.5
-3.87182003675782,-0.010260576935421928,0.002650065560385373,-0.010676594721446293,378,-0.010545967537524903,0.5238095238095238,0.41469132104242623,-5.5575908219703924,0 days 04:00:00,20,180,1.5,,60,40,12,0.5,0.5
-3.899069683266504,-0.009714837700129708,0.0024915783736368,-0.010368024659460226,374,-0.00998490218604886,0.5508021390374331,0.3682507356125946,-5.317182161523025,0 days 03:00:00,20,180,1.5,,55,35,12,0.5,0.5
-3.899069683266504,-0.009714837700129708,0.0024915783736368,-0.010368024659460226,374,-0.00998490218604886,0.5508021390374331,0.3682507356125946,-5.317182161523025,0 days 03:00:00,20,180,1.5,3.0,55,35,12,0.5,0.5
-3.917947603222243,-0.00999979848355026,0.0025523053129465315,-0.010992135016255896,398,-0.01027780614200191,0.5678391959798995,0.3608159123790453,-5.142390059296767,0 days 03:00:00,20,120,1.5,,55,35,12,0.5,0.5
-3.917947603222243,-0.00999979848355026,0.0025523053129465315,-0.010992135016255896,398,-0.01027780614200191,0.5678391959798995,0.3608159123790453,-5.142390059296767,0 days 03:00:00,20,120,1.5,3.0,55,35,12,0.5,0.5
-3.9925757837870277,-0.019758764894747705,0.004948876606170809,-0.02093702925339811,730,-0.020311104032428084,0.4684931506849315,0.6846510630563432,-5.54242956066554,0 days 04:00:00,30,120,1.5,3.0,60,35,0,1.0,0.5
-4.011823780378324,-0.010954725048862413,0.0027306097297796457,-0.01174671766141319,348,-0.011259290216904638,0.5402298850574713,0.36369615001595385,-6.448596812014449,0 days 04:00:00,30,120,1.5,,60,35,12,0.5,0.5
-4.011823780378324,-0.010954725048862413,0.0027306097297796457,-0.01174671766141319,348,-0.011259290216904638,0.5402298850574713,0.36369615001595385,-6.448596812014449,0 days 04:00:00,30,120,1.5,3.0,60,35,12,0.5,0.5
-4.055287779172223,-0.011132136939160153,0.00274509172846729,-0.011770925489971794,410,-0.01144158471671608,0.5414634146341464,0.40125587647340477,-5.558952579860812,0 days 04:00:00,30,120,1.5,3.0,55,40,12,0.5,0.5
-4.055287779172223,-0.011132136939160153,0.00274509172846729,-0.011770925489971794,410,-0.01144158471671608,0.5414634146341464,0.40125587647340477,-5.558952579860812,0 days 04:00:00,30,120,1.5,,55,40,12,0.5,0.5
-4.088291763315317,-0.02014694891052582,0.004927962600738667,-0.02133556017498238,730,-0.020709675918142656,0.4684931506849315,0.6758034218995187,-5.651627384148905,0 days 04:00:00,30,120,1.5,,60,35,0,1.0,0.5
-4.101321625466632,-0.010870801586061796,0.002650560618938282,-0.011527960062305559,320,-0.01117285700723758,0.49375,0.41682369473026737,-6.960742314524043,0 days 04:00:00,30,180,1.5,3.0,60,35,12,0.5,0.5
-4.101321625466632,-0.010870801586061796,0.002650560618938282,-0.011527960062305559,320,-0.01117285700723758,0.49375,0.41682369473026737,-6.960742314524043,0 days 04:00:00,30,180,1.5,,60,35,12,0.5,0.5
-4.117565926321192,-0.021659874342145224,0.005260358845425232,-0.02289087631688123,818,-0.02226515192761891,0.46943765281173594,0.6858229576238639,-5.4215268145769935,0 days 04:00:00,30,120,1.5,3.0,55,35,0,1.0,0.5
-4.195484496057289,-0.013516628215972881,0.003221708536564763,-0.01417388397564363,366,-0.013892509984619661,0.4262295081967213,0.6622099837468078,-7.569284099792037,0 days 05:00:00,30,120,1.5,3.0,60,40,12,1.0,0.5
-4.195484496057289,-0.013516628215972881,0.003221708536564763,-0.01417388397564363,366,-0.013892509984619661,0.4262295081967213,0.6622099837468078,-7.569284099792037,0 days 05:00:00,30,120,1.5,,60,40,12,1.0,0.5
-4.19610698287409,-0.01579805886810004,0.003764932336705888,-0.016331171452697232,322,-0.016237886159380377,0.45962732919254656,0.5421119480411822,-10.063354436882744,0 days 07:00:00,30,180,2.0,,60,40,12,1.0,0.5
-4.19610698287409,-0.01579805886810004,0.003764932336705888,-0.016331171452697232,322,-0.016237886159380377,0.45962732919254656,0.5421119480411822,-10.063354436882744,0 days 07:00:00,30,180,2.0,3.0,60,40,12,1.0,0.5
-4.206953536286639,-0.022048078692556206,0.005240865748191132,-0.0232894072384655,818,-0.02266372381333337,0.46943765281173594,0.67784900801108,-5.518977194947233,0 days 04:00:00,30,120,1.5,,55,35,0,1.0,0.5
-4.248378835439262,-0.0144660965110609,0.003405086286182191,-0.014961733627125154,366,-0.014868425342094871,0.5519125683060109,0.33317155061540576,-8.102471329013982,0 days 05:00:00,30,180,2.0,,55,40,12,0.5,0.5
-4.248378835439262,-0.0144660965110609,0.003405086286182191,-0.014961733627125154,366,-0.014868425342094871,0.5519125683060109,0.33317155061540576,-8.102471329013982,0 days 05:00:00,30,180,2.0,3.0,55,40,12,0.5,0.5
-4.305138831973189,-0.01391794694872861,0.003232868321310221,-0.014398104771506477,406,-0.014304787023620036,0.5566502463054187,0.3373811358965498,-7.024391484541523,0 days 05:00:00,20,180,2.0,,55,40,12,0.5,0.5
-4.305138831973189,-0.01391794694872861,0.003232868321310221,-0.014398104771506477,406,-0.014304787023620036,0.5566502463054187,0.3373811358965498,-7.024391484541523,0 days 05:00:00,20,180,2.0,3.0,55,40,12,0.5,0.5
-4.35720250998456,-0.022370622659492745,0.005134170975122296,-0.02329310297996916,808,-0.022994408130142974,0.4628712871287129,0.6872079671296659,-5.669424503005841,0 days 04:00:00,30,120,1.5,3.0,60,40,0,1.0,0.5
-4.369360297204286,-0.012163035343278561,0.00278371077593693,-0.012631304620314698,418,-0.012500710254334413,0.5167464114832536,0.4039109196298975,-5.958881006858203,0 days 04:00:00,20,180,1.5,,55,40,12,0.5,0.5
-4.369360297204286,-0.012163035343278561,0.00278371077593693,-0.012631304620314698,418,-0.012500710254334413,0.5167464114832536,0.4039109196298975,-5.958881006858203,0 days 04:00:00,20,180,1.5,3.0,55,40,12,0.5,0.5
-4.376599082858444,-0.014709295850347859,0.0033608963425411417,-0.015211390005698771,330,-0.015118085912189883,0.5393939393939394,0.3178936191478533,-9.140184812236855,0 days 06:00:00,30,180,2.0,,60,40,12,0.5,0.5
-4.376599082858444,-0.014709295850347859,0.0033608963425411417,-0.015211390005698771,330,-0.015118085912189883,0.5393939393939394,0.3178936191478533,-9.140184812236855,0 days 06:00:00,30,180,2.0,3.0,60,40,12,0.5,0.5
-4.3860516497167215,-0.01394627069127119,0.003179686835692399,-0.014427026068369053,338,-0.014333708806046896,0.3905325443786982,0.7099321351549827,-8.459204981093478,0 days 06:00:00,30,180,1.5,3.0,60,40,12,1.0,0.5
-4.389055050542018,-0.021394586169624974,0.004874531288228634,-0.022290347344688398,740,-0.021990741446571205,0.45675675675675675,0.6882008292885357,-5.921155803938386,0 days 04:00:00,30,180,1.5,3.0,60,40,0,1.0,0.5
-4.450274870111242,-0.02275883530438705,0.005114029125984785,-0.023691633901553433,808,-0.023392980015857434,0.4628712871287129,0.6789879284051481,-5.7680809524400685,0 days 04:00:00,30,120,1.5,,60,40,0,1.0,0.5
-4.4651006435959015,-0.024271873826534063,0.005435907443955636,-0.025246950043452284,896,-0.024948456025333687,0.4642857142857143,0.6879682068330885,-5.546574055208543,0 days 04:00:00,30,120,1.5,3.0,55,40,0,1.0,0.5
-4.4883223722926475,-0.021782788166668343,0.004853213820187705,-0.022688851052389273,740,-0.022389313332285665,0.45675675675675675,0.6791003797059112,-6.0288779811584625,0 days 04:00:00,30,180,1.5,,60,40,0,1.0,0.5
-4.496963641546807,-0.02330552697155952,0.005182502868433953,-0.024254021777177417,812,-0.02395475183433382,0.45566502463054187,0.6931058033341615,-5.877869154762112,0 days 04:00:00,30,180,1.5,3.0,55,40,0,1.0,0.5
-4.552257710442083,-0.014332716019226588,0.003148485198091893,-0.014823877342140197,338,-0.014730566742618412,0.3905325443786982,0.6863174620676951,-8.694032162496683,0 days 06:00:00,30,180,1.5,,60,40,12,1.0,0.5
-4.5523041185593955,-0.0246601068644281,0.005417060508741218,-0.025645480965036552,896,-0.02534702791104826,0.4642857142857143,0.6805087141145106,-5.635541031930481,0 days 04:00:00,30,120,1.5,,55,40,0,1.0,0.5
-4.589457775361592,-0.02369374938460589,0.00516264677535662,-0.024652525484878292,812,-0.024353323720048392,0.45566502463054187,0.684745457405073,-5.976039611834596,0 days 04:00:00,30,180,1.5,,55,40,0,1.0,0.5
-4.665527919260875,-0.012163384776805009,0.0026070757666223467,-0.012685532225639708,386,-0.012500586226809718,0.5129533678756477,0.3860431134854575,-6.454637977621771,0 days 04:00:00,30,180,1.5,,55,40,12,0.5,0.5
-4.665527919260875,-0.012163384776805009,0.0026070757666223467,-0.012685532225639708,386,-0.012500586226809718,0.5129533678756477,0.3860431134854575,-6.454637977621771,0 days 04:00:00,30,180,1.5,3.0,55,40,12,0.5,0.5
-4.747938606923515,-0.013100919126632915,0.0027592857050697662,-0.013792980922620084,376,-0.01346408073147698,0.5159574468085106,0.3695297549462272,-7.139477560359844,0 days 04:00:00,30,120,1.5,,60,40,12,0.5,0.5
-4.747938606923515,-0.013100919126632915,0.0027592857050697662,-0.013792980922620084,376,-0.01346408073147698,0.5159574468085106,0.3695297549462272,-7.139477560359844,0 days 04:00:00,30,120,1.5,3.0,60,40,12,0.5,0.5
-4.893961948067059,-0.02204557034408916,0.004504646864448216,-0.022750723177994862,760,-0.02265754566357192,0.6105263157894737,0.3179665010216441,-5.94016294251899,0 days 03:00:00,20,180,2.0,,60,35,0,0.5,0.5
-4.893961948067059,-0.02204557034408916,0.004504646864448216,-0.022750723177994862,760,-0.02265754566357192,0.6105263157894737,0.3179665010216441,-5.94016294251899,0 days 03:00:00,20,180,2.0,3.0,60,35,0,0.5,0.5
-5.048122255163125,-0.023448549107638716,0.004645004206000752,-0.024192130304499977,720,-0.024098976990094778,0.5944444444444444,0.3215845033090208,-6.671821213360012,0 days 03:00:00,30,180,2.0,3.0,60,35,0,0.5,0.5
-5.048122255163125,-0.023448549107638716,0.004645004206000752,-0.024192130304499977,720,-0.024098976990094778,0.5944444444444444,0.3215845033090208,-6.671821213360012,0 days 03:00:00,30,180,2.0,,60,35,0,0.5,0.5
-5.226661540144352,-0.026092264563551737,0.004992147351257627,-0.026908560808669903,790,-0.026815453100856534,0.5924050632911393,0.32618514983945196,-6.766392298445044,0 days 04:00:00,30,180,2.0,,60,40,0,0.5,0.5
-5.226661540144352,-0.026092264563551737,0.004992147351257627,-0.026908560808669903,790,-0.026815453100856534,0.5924050632911393,0.32618514983945196,-6.766392298445044,0 days 04:00:00,30,180,2.0,3.0,60,40,0,0.5,0.5
-5.276649269605172,-0.02657341836610927,0.00503604029913052,-0.027431136960857357,924,-0.02730974227752425,0.5995670995670995,0.3414334632040385,-5.8888512981654895,0 days 03:00:00,20,120,2.0,,60,40,0,0.5,0.5
-5.276649269605172,-0.02657341836610927,0.00503604029913052,-0.027431136960857357,924,-0.02730974227752425,0.5995670995670995,0.3414334632040385,-5.8888512981654895,0 days 03:00:00,20,120,2.0,3.0,60,40,0,0.5,0.5
-5.277154936637095,-0.02438985531508897,0.004621781169576874,-0.025172390628956216,834,-0.025065510217333387,0.6067146282973621,0.32039158300154275,-5.988578985931445,0 days 03:00:00,20,120,2.0,,60,35,0,0.5,0.5
-5.277154936637095,-0.02438985531508897,0.004621781169576874,-0.025172390628956216,834,-0.025065510217333387,0.6067146282973621,0.32039158300154275,-5.988578985931445,0 days 03:00:00,20,120,2.0,3.0,60,35,0,0.5,0.5
-5.280758619982888,-0.027106515343267357,0.005133072214415131,-0.027979003015077192,858,-0.027857633469475562,0.5990675990675991,0.32917360645718247,-6.471326484260372,0 days 03:00:00,30,120,2.0,,60,40,0,0.5,0.5
-5.280758619982888,-0.027106515343267357,0.005133072214415131,-0.027979003015077192,858,-0.027857633469475562,0.5990675990675991,0.32917360645718247,-6.471326484260372,0 days 03:00:00,30,120,2.0,3.0,60,40,0,0.5,0.5
-5.36176792753493,-0.02562042739910042,0.004778354405741578,-0.026436740999195966,792,-0.026329899640332388,0.5984848484848485,0.31678941181107073,-6.626666257660134,0 days 03:00:00,30,120,2.0,3.0,60,35,0,0.5,0.5
-5.36176792753493,-0.02562042739910042,0.004778354405741578,-0.026436740999195966,792,-0.026329899640332388,0.5984848484848485,0.31678941181107073,-6.626666257660134,0 days 03:00:00,30,120,2.0,,60,35,0,0.5,0.5
-5.435872403298323,-0.02685465071240911,0.004940265098223152,-0.02769113771828953,862,-0.02759804314928671,0.5893271461716937,0.3367388347095621,-6.380933926516559,0 days 03:00:00,20,180,2.0,,60,40,0,0.5,0.5
-5.435872403298323,-0.02685465071240911,0.004940265098223152,-0.02769113771828953,862,-0.02759804314928671,0.5893271461716937,0.3367388347095621,-6.380933926516559,0 days 03:00:00,20,180,2.0,3.0,60,40,0,0.5,0.5
-5.504422671896476,-0.014471169080404911,0.002629007607698676,-0.015001820805951966,348,-0.014871266238951963,0.47126436781609193,0.3539538838169912,-8.524406606294711,0 days 04:00:00,30,180,1.5,3.0,60,40,12,0.5,0.5
-5.504422671896476,-0.014471169080404911,0.002629007607698676,-0.015001820805951966,348,-0.014871266238951963,0.47126436781609193,0.3539538838169912,-8.524406606294711,0 days 04:00:00,30,180,1.5,,60,40,12,0.5,0.5
-5.62168590334935,-0.02338002458494448,0.00415889912508539,-0.02416198013196121,876,-0.024026461743143157,0.54337899543379,0.4087373685054109,-5.463180087932382,0 days 03:00:00,20,180,1.5,3.0,60,35,0,0.5,0.5
-5.62168590334935,-0.02338002458494448,0.00415889912508539,-0.02416198013196121,876,-0.024026461743143157,0.54337899543379,0.4087373685054109,-5.463180087932382,0 days 03:00:00,20,180,1.5,,60,35,0,0.5,0.5
-5.685300362605238,-0.027932440183180307,0.00491309841198619,-0.02879767263763898,828,-0.028704596646430103,0.5893719806763285,0.3215958048933554,-6.9110978136303345,0 days 03:00:00,30,180,2.0,,55,35,0,0.5,0.5
-5.685300362605238,-0.027932440183180307,0.00491309841198619,-0.02879767263763898,828,-0.028704596646430103,0.5893719806763285,0.3215958048933554,-6.9110978136303345,0 days 03:00:00,30,180,2.0,3.0,55,35,0,0.5,0.5
-5.815396946065502,-0.031055030194243716,0.005340139371785185,-0.03203407857938285,1042,-0.03191289509276407,0.5950095969289827,0.34193338585514854,-6.102964641221303,0 days 03:00:00,20,120,2.0,3.0,55,40,0,0.5,0.5
-5.815396946065502,-0.031055030194243716,0.005340139371785185,-0.03203407857938285,1042,-0.03191289509276407,0.5950095969289827,0.34193338585514854,-6.102964641221303,0 days 03:00:00,20,120,2.0,,55,40,0,0.5,0.5
-5.818334268520005,-0.027920021572862108,0.004798627972257093,-0.028784366946745223,886,-0.028691290732144936,0.5959367945823928,0.3203854026169771,-6.454221218091173,0 days 03:00:00,20,180,2.0,,55,35,0,0.5,0.5
-5.818334268520005,-0.027920021572862108,0.004798627972257093,-0.028784366946745223,886,-0.028691290732144936,0.5959367945823928,0.3203854026169771,-6.454221218091173,0 days 03:00:00,20,180,2.0,3.0,55,35,0,0.5,0.5
-5.830443032079353,-0.030576494306705282,0.005244283176848152,-0.03151410314180891,898,-0.03142107275719186,0.5879732739420935,0.32574403025214527,-6.97564324258162,0 days 03:00:00,30,180,2.0,3.0,55,40,0,0.5,0.5
-5.830443032079353,-0.030576494306705282,0.005244283176848152,-0.03151410314180891,898,-0.03142107275719186,0.5879732739420935,0.32574403025214527,-6.97564324258162,0 days 03:00:00,30,180,2.0,,55,40,0,0.5,0.5
-5.83411913412918,-0.028871189479855897,0.004948680137668342,-0.029775401268205222,952,-0.029668663032573206,0.6008403361344538,0.32343807264316504,-6.210572931632889,0 days 03:00:00,20,120,2.0,,55,35,0,0.5,0.5
-5.83411913412918,-0.028871189479855897,0.004948680137668342,-0.029775401268205222,952,-0.029668663032573206,0.6008403361344538,0.32343807264316504,-6.210572931632889,0 days 03:00:00,20,120,2.0,3.0,55,35,0,0.5,0.5
-5.851026194745231,-0.03152639556836778,0.005388182263938834,-0.03251826125630127,982,-0.03239709998543039,0.5967413441955194,0.3291819764398643,-6.57586419010786,0 days 03:00:00,30,120,2.0,3.0,55,40,0,0.5,0.5
-5.851026194745231,-0.03152639556836778,0.005388182263938834,-0.03251826125630127,982,-0.03239709998543039,0.5967413441955194,0.3291819764398643,-6.57586419010786,0 days 03:00:00,30,120,2.0,,55,40,0,0.5,0.5
-5.868196311919191,-0.025093319812250714,0.004276155479202766,-0.02583823574868799,956,-0.025786352203857277,0.5460251046025104,0.4072864632995047,-5.372334057710927,0 days 03:00:00,20,120,1.5,,60,35,0,0.5,0.5
-5.868196311919191,-0.025093319812250714,0.004276155479202766,-0.02583823574868799,956,-0.025786352203857277,0.5460251046025104,0.4072864632995047,-5.372334057710927,0 days 03:00:00,20,120,1.5,3.0,60,35,0,0.5,0.5
-5.91566595982908,-0.025275026085112673,0.0042725580275737775,-0.02611990381103955,818,-0.02597292706128418,0.5256723716381418,0.4020147750649402,-6.328034132832929,0 days 03:00:00,30,180,1.5,3.0,60,35,0,0.5,0.5
-5.91566595982908,-0.025275026085112673,0.0042725580275737775,-0.02611990381103955,818,-0.02597292706128418,0.5256723716381418,0.4020147750649402,-6.328034132832929,0 days 03:00:00,30,180,1.5,,60,35,0,0.5,0.5
-5.949106315508146,-0.030040120148561167,0.005049518121781166,-0.030976067306216663,916,-0.030869366156287326,0.5960698689956332,0.3184229198680243,-6.717707628010204,0 days 03:00:00,30,120,2.0,,55,35,0,0.5,0.5
-5.949106315508146,-0.030040120148561167,0.005049518121781166,-0.030976067306216663,916,-0.030869366156287326,0.5960698689956332,0.3184229198680243,-6.717707628010204,0 days 03:00:00,30,120,2.0,3.0,55,35,0,0.5,0.5
-6.083839691925899,-0.02852843888957335,0.004689216076392439,-0.02949256971155221,1066,-0.02931548843142895,0.5309568480300187,0.4367238767961987,-5.47778658976167,0 days 03:00:00,20,120,1.5,3.0,60,40,0,0.5,0.5
-6.083839691925899,-0.02852843888957335,0.004689216076392439,-0.02949256971155221,1066,-0.02931548843142895,0.5309568480300187,0.4367238767961987,-5.47778658976167,0 days 03:00:00,20,120,1.5,,60,40,0,0.5,0.5
-6.117782851927206,-0.027740430112549896,0.00453439273409503,-0.028652306572034617,950,-0.028505655337810132,0.5347368421052632,0.4033960792855552,-5.978844070275944,0 days 03:00:00,30,180,1.5,,55,35,0,0.5,0.5
-6.117782851927206,-0.027740430112549896,0.00453439273409503,-0.028652306572034617,950,-0.028505655337810132,0.5347368421052632,0.4033960792855552,-5.978844070275944,0 days 03:00:00,30,180,1.5,3.0,55,35,0,0.5,0.5
-6.194402108661697,-0.02763966068261281,0.004462038498269911,-0.02845366261521483,912,-0.028401859854665368,0.5285087719298246,0.40554239693568533,-6.206190877777991,0 days 03:00:00,30,120,1.5,,60,35,0,0.5,0.5
-6.194402108661697,-0.02763966068261281,0.004462038498269911,-0.02845366261521483,912,-0.028401859854665368,0.5285087719298246,0.40554239693568533,-6.206190877777991,0 days 03:00:00,30,120,1.5,3.0,60,35,0,0.5,0.5
-6.203860494689926,-0.027535637697572724,0.004438468228152667,-0.028429964644945013,1004,-0.028294943647953597,0.5358565737051793,0.41370181124665456,-5.614105724293547,0 days 03:00:00,20,180,1.5,,55,35,0,0.5,0.5
-6.203860494689926,-0.027535637697572724,0.004438468228152667,-0.028429964644945013,1004,-0.028294943647953597,0.5358565737051793,0.41370181124665456,-5.614105724293547,0 days 03:00:00,20,180,1.5,3.0,55,35,0,0.5,0.5
-6.244421303609712,-0.03252877113886965,0.005209253116868612,-0.03351826821527218,986,-0.03342527147890728,0.5801217038539553,0.33619809047425064,-6.757631656167489,0 days 03:00:00,20,180,2.0,3.0,55,40,0,0.5,0.5
-6.244421303609712,-0.03252877113886965,0.005209253116868612,-0.03351826821527218,986,-0.03342527147890728,0.5801217038539553,0.33619809047425064,-6.757631656167489,0 days 03:00:00,20,180,2.0,,55,40,0,0.5,0.5
-6.244568917871002,-0.028611486652798446,0.004581819342391553,-0.029493328028309864,998,-0.029400263716572117,0.5190380761523046,0.4342527121762768,-5.869547070255005,0 days 03:00:00,20,180,1.5,3.0,60,40,0,0.5,0.5
-6.244568917871002,-0.028611486652798446,0.004581819342391553,-0.029493328028309864,998,-0.029400263716572117,0.5190380761523046,0.4342527121762768,-5.869547070255005,0 days 03:00:00,20,180,1.5,,60,40,0,0.5,0.5
-6.30743858997789,-0.02912974436162996,0.0046183159686905605,-0.030025617924606913,914,-0.02993256254957044,0.5142231947483589,0.4166387357289953,-6.5274940935607235,0 days 03:00:00,30,180,1.5,,60,40,0,0.5,0.5
-6.30743858997789,-0.02912974436162996,0.0046183159686905605,-0.030025617924606913,914,-0.02993256254957044,0.5142231947483589,0.4166387357289953,-6.5274940935607235,0 days 03:00:00,30,180,1.5,3.0,60,40,0,0.5,0.5
-6.314160250545906,-0.030350902369124078,0.00480679950536574,-0.03136415221505843,1000,-0.03118726438038011,0.52,0.42828109851683116,-6.215177562476405,0 days 03:00:00,30,120,1.5,,60,40,0,0.5,0.5
-6.314160250545906,-0.030350902369124078,0.00480679950536574,-0.03136415221505843,1000,-0.03118726438038011,0.52,0.42828109851683116,-6.215177562476405,0 days 03:00:00,30,120,1.5,3.0,60,40,0,0.5,0.5
-6.341061358933104,-0.028986785829586248,0.0045712829743794385,-0.02983732287764135,1094,-0.02978556285504852,0.5447897623400365,0.40753830050028955,-5.422945688308764,0 days 03:00:00,20,120,1.5,,55,35,0,0.5,0.5
-6.341061358933104,-0.028986785829586248,0.0045712829743794385,-0.02983732287764135,1094,-0.02978556285504852,0.5447897623400365,0.40753830050028955,-5.422945688308764,0 days 03:00:00,20,120,1.5,3.0,55,35,0,0.5,0.5
-6.385463983317261,-0.03021008156855587,0.004731070701750583,-0.031094041771409838,1064,-0.031042320565858206,0.5413533834586466,0.40066743272808114,-5.8127091943342934,0 days 03:00:00,30,120,1.5,3.0,55,35,0,0.5,0.5
-6.385463983317261,-0.03021008156855587,0.004731070701750583,-0.031094041771409838,1064,-0.031042320565858206,0.5413533834586466,0.40066743272808114,-5.8127091943342934,0 days 03:00:00,30,120,1.5,,55,35,0,0.5,0.5
-6.49797156118541,-0.031595423262026356,0.004862351730000874,-0.03255830367946151,1046,-0.032465290826096505,0.5239005736137667,0.415828810060423,-6.185181211873147,0 days 03:00:00,30,180,1.5,3.0,55,40,0,0.5,0.5
-6.49797156118541,-0.031595423262026356,0.004862351730000874,-0.03255830367946151,1046,-0.032465290826096505,0.5239005736137667,0.415828810060423,-6.185181211873147,0 days 03:00:00,30,180,1.5,,55,40,0,0.5,0.5
-6.508449342114925,-0.032921525712995114,0.005058274864331546,-0.03400434003830374,1152,-0.03382772509157295,0.5329861111111112,0.42023495566621066,-5.85056776450917,0 days 03:00:00,30,120,1.5,3.0,55,40,0,0.5,0.5
-6.508449342114925,-0.032921525712995114,0.005058274864331546,-0.03400434003830374,1152,-0.03382772509157295,0.5329861111111112,0.42023495566621066,-5.85056776450917,0 days 03:00:00,30,120,1.5,,55,40,0,0.5,0.5
-6.5322059841097095,-0.03240670683876401,0.004961066279538152,-0.03347536873545108,1204,-0.033298699114620245,0.53156146179402,0.43375423032839233,-5.50902967485389,0 days 03:00:00,20,120,1.5,3.0,55,40,0,0.5,0.5
-6.5322059841097095,-0.03240670683876401,0.004961066279538152,-0.03347536873545108,1204,-0.033298699114620245,0.53156146179402,0.43375423032839233,-5.50902967485389,0 days 03:00:00,20,120,1.5,,55,40,0,0.5,0.5
-6.7438234075977945,-0.03261505045992996,0.004836284773291196,-0.03360498596811469,1124,-0.03351199068766819,0.5160142348754448,0.43549012913311125,-5.940676452609957,0 days 03:00:00,20,180,1.5,3.0,55,40,0,0.5,0.5
-6.7438234075977945,-0.03261505045992996,0.004836284773291196,-0.03360498596811469,1124,-0.03351199068766819,0.5160142348754448,0.43549012913311125,-5.940676452609957,0 days 03:00:00,20,180,1.5,,55,40,0,0.5,0.5
